Date,VIX,Gold
2004-11-18,12.98,44.38
2004-11-19,13.5,44.78
2004-11-22,12.97,44.95
2004-11-23,12.67,44.75
2004-11-24,12.72,45.05
2004-11-26,12.79,45.29
2004-11-29,13.3,45.4
2004-11-30,13.24,45.12
2004-12-01,12.97,45.38
2004-12-09,12.88,43.78
2004-12-13,12.54,43.91
2004-12-14,12.73,43.55
2004-12-15,12.35,43.99
2004-12-16,12.27,43.68
2004-12-20,11.83,44.34
2004-12-21,11.55,44.22
2004-12-22,11.45,44.02
2004-12-23,11.23,44.27
2004-12-27,12.14,44.48
2004-12-28,12.0,44.37
2004-12-29,11.62,43.66
2004-12-30,12.56,43.83
2005-01-03,14.08,43.02
2005-01-04,13.98,42.74
2005-01-05,14.09,42.67
2005-01-06,13.58,42.15
2005-01-10,13.23,41.95
2005-01-11,13.19,42.21
2005-01-12,12.56,42.6
2005-01-13,12.84,42.6
2005-01-18,12.47,42.32
2005-01-19,13.18,42.26
2005-01-20,13.83,42.25
2005-01-21,14.36,42.74
2005-01-24,14.65,42.77
2005-01-25,14.06,42.24
2005-01-26,13.44,42.69
2005-01-27,13.24,42.62
2005-01-28,13.24,42.69
2005-01-31,12.82,42.22
2005-02-01,12.03,42.1
2005-02-02,11.66,42.16
2005-02-03,11.79,41.68
2005-02-04,11.21,41.47
2005-02-07,11.73,41.27
2005-02-08,11.6,41.26
2005-02-09,12.0,41.31
2005-02-10,11.51,41.75
2005-02-11,11.43,42.08
2005-02-14,11.52,42.55
2005-02-15,11.27,42.58
2005-02-16,11.1,42.52
2005-02-17,11.77,42.73
2005-02-18,11.18,42.75
2005-02-22,13.14,43.57
2005-02-23,12.39,43.42
2005-02-24,11.57,43.33
2005-02-25,11.49,43.5
2005-02-28,12.08,43.52
2005-03-01,12.04,43.22
2005-03-02,12.5,43.25
2005-03-03,12.93,42.97
2005-03-04,11.94,43.38
2005-03-07,12.26,43.47
2005-03-08,12.4,44.03
2005-03-09,12.7,44.02
2005-03-10,12.49,44.2
2005-03-11,12.8,44.43
2005-03-14,12.39,44.03
2005-03-15,13.15,44.06
2005-03-16,13.49,44.31
2005-03-17,13.29,43.82
2005-03-18,13.14,43.89
2005-03-21,13.61,43.09
2005-03-22,14.27,42.65
2005-03-23,14.06,42.42
2005-03-24,13.42,42.39
2005-03-28,13.75,42.54
2005-03-29,14.49,42.56
2005-03-30,13.64,42.61
2005-03-31,14.02,42.82
2005-04-01,14.09,42.62
2005-04-04,14.11,42.4
2005-04-05,13.68,42.45
2005-04-06,13.15,42.63
2005-04-07,12.33,42.57
2005-04-08,12.62,42.69
2005-04-11,11.98,42.78
2005-04-12,11.3,42.84
2005-04-13,13.31,42.9
2005-04-14,14.53,42.31
2005-04-15,17.74,42.4
2005-04-18,16.56,42.69
2005-04-19,14.96,43.28
2005-04-20,16.92,43.4
2005-04-21,14.41,43.19
2005-04-22,15.38,43.39
2005-04-25,14.62,43.44
2005-04-26,14.91,43.64
2005-04-27,14.87,43.2
2005-04-28,16.86,43.0
2005-04-29,15.31,43.35
2005-05-02,15.12,42.88
2005-05-03,14.53,42.76
2005-05-04,13.85,42.9
2005-05-05,13.98,42.91
2005-05-06,14.05,42.52
2005-05-09,13.75,42.55
2005-05-10,14.91,42.64
2005-05-11,14.45,42.69
2005-05-12,16.12,42.16
2005-05-13,16.32,41.95
2005-05-16,15.68,41.88
2005-05-17,14.57,41.86
2005-05-18,13.63,42.05
2005-05-19,13.32,41.98
2005-05-20,13.14,41.65
2005-05-23,12.95,41.62
2005-05-24,12.69,41.73
2005-05-25,12.58,41.87
2005-05-26,12.24,41.69
2005-05-27,12.15,41.88
2005-05-31,13.29,41.65
2005-06-01,12.36,41.53
2005-06-02,11.84,42.1
2005-06-03,12.15,42.17
2005-06-06,12.28,42.48
2005-06-07,12.39,42.38
2005-06-08,12.7,42.34
2005-06-09,12.08,42.27
2005-06-10,11.96,42.62
2005-06-13,11.65,42.78
2005-06-14,11.79,42.6
2005-06-15,11.46,42.74
2005-06-16,11.15,43.46
2005-06-17,11.48,43.63
2005-06-20,11.47,43.66
2005-06-21,11.08,43.81
2005-06-22,11.05,43.72
2005-06-23,12.13,44.02
2005-06-24,12.18,43.9
2005-06-27,12.52,43.91
2005-06-28,11.58,43.45
2005-06-29,11.77,43.63
2005-06-30,12.04,43.44
2005-07-01,11.4,42.7
2005-07-05,11.68,42.28
2005-07-06,12.27,42.25
2005-07-07,12.49,42.36
2005-07-08,11.45,42.26
2005-07-11,11.28,42.54
2005-07-12,10.95,42.64
2005-07-13,10.84,42.35
2005-07-14,10.81,41.9
2005-07-15,10.33,42.05
2005-07-18,10.77,42.01
2005-07-19,10.45,41.89
2005-07-20,10.23,42.2
2005-07-21,10.97,42.46
2005-07-22,10.52,42.45
2005-07-25,11.1,42.51
2005-07-26,10.99,42.25
2005-07-27,10.36,42.44
2005-07-28,10.52,42.75
2005-07-29,11.57,42.82
2005-08-01,12.08,43.13
2005-08-02,11.75,43.14
2005-08-03,11.83,43.53
2005-08-04,12.52,43.68
2005-08-05,12.48,43.6
2005-08-08,13.21,43.35
2005-08-09,12.4,43.34
2005-08-10,12.38,43.65
2005-08-11,12.42,44.45
2005-08-12,12.74,44.49
2005-08-15,12.26,44.13
2005-08-16,13.52,44.55
2005-08-17,13.3,43.91
2005-08-18,13.42,43.83
2005-08-19,13.42,43.6
2005-08-22,13.42,43.7
2005-08-23,13.34,43.76
2005-08-24,14.17,43.59
2005-08-25,13.73,43.73
2005-08-26,13.72,43.61
2005-08-29,13.52,43.57
2005-08-30,13.65,43.01
2005-08-31,12.6,43.4
2005-09-01,13.15,44.22
2005-09-02,13.57,44.25
2005-09-06,12.93,44.27
2005-09-07,12.52,44.33
2005-09-08,12.93,44.6
2005-09-09,11.98,44.84
2005-09-12,11.65,44.89
2005-09-13,12.39,44.56
2005-09-14,12.91,44.96
2005-09-15,12.49,45.42
2005-09-16,11.22,45.82
2005-09-19,12.14,46.25
2005-09-20,12.64,46.23
2005-09-21,13.79,47.06
2005-09-22,13.33,46.36
2005-09-23,12.96,46.28
2005-09-26,13.04,46.57
2005-09-27,12.76,46.25
2005-09-28,12.63,46.8
2005-09-29,12.24,47.1
2005-09-30,11.92,46.7
2005-10-03,12.46,46.42
2005-10-04,13.2,46.45
2005-10-05,14.55,46.36
2005-10-06,14.96,47.21
2005-10-07,14.59,47.36
2005-10-10,15.55,47.37
2005-10-11,15.63,47.39
2005-10-12,16.22,46.85
2005-10-13,16.47,47.02
2005-10-14,14.87,46.8
2005-10-17,14.67,47.26
2005-10-18,15.33,47.0
2005-10-19,13.5,46.34
2005-10-20,16.11,45.98
2005-10-21,16.13,46.52
2005-10-24,14.74,46.39
2005-10-25,14.53,47.06
2005-10-26,14.59,46.93
2005-10-27,16.02,47.18
2005-10-28,14.25,47.22
2005-10-31,15.32,46.4
2005-11-01,14.85,45.73
2005-11-02,13.48,46.13
2005-11-03,13.0,45.96
2005-11-04,13.17,45.51
2005-11-07,13.1,45.77
2005-11-08,13.08,45.91
2005-11-09,12.8,46.56
2005-11-10,11.9,46.48
2005-11-11,11.63,46.8
2005-11-14,12.18,46.62
2005-11-15,12.23,46.66
2005-11-16,12.26,47.78
2005-11-17,11.25,48.48
2005-11-18,11.12,48.46
2005-11-21,10.82,48.99
2005-11-22,10.6,49.32
2005-11-23,10.96,49.15
2005-11-25,10.88,49.42
2005-11-28,11.84,49.74
2005-11-29,11.89,49.8
2005-11-30,12.06,49.1
2005-12-01,11.24,50.17
2005-12-02,11.01,50.32
2005-12-05,11.6,50.78
2005-12-06,11.52,50.89
2005-12-07,12.18,51.32
2005-12-08,12.21,51.9
2005-12-09,11.69,52.4
2005-12-12,11.47,52.56
2005-12-13,11.11,51.65
2005-12-14,10.48,50.35
2005-12-15,10.73,50.24
2005-12-16,10.68,50.09
2005-12-19,11.38,50.22
2005-12-20,11.19,49.04
2005-12-21,10.81,49.37
2005-12-22,10.29,50.14
2005-12-23,10.27,50.12
2005-12-27,11.57,50.64
2005-12-28,11.35,51.47
2005-12-29,11.61,51.47
2005-12-30,12.07,51.58
2006-01-03,11.14,53.12
2006-01-04,11.37,53.3
2006-01-05,11.31,52.34
2006-01-06,11.0,53.72
2006-01-09,11.13,54.6
2006-01-10,10.86,54.06
2006-01-11,10.94,54.53
2006-01-12,11.2,54.43
2006-01-13,11.23,55.44
2006-01-17,11.91,55.26
2006-01-18,12.25,54.07
2006-01-19,11.98,55.59
2006-01-20,14.56,55.2
2006-01-23,13.93,55.77
2006-01-24,13.31,55.73
2006-01-25,12.87,56.14
2006-01-26,12.42,55.88
2006-01-27,11.97,55.63
2006-01-30,12.39,56.68
2006-01-31,12.95,56.7
2006-02-01,12.36,56.7
2006-02-02,13.23,56.98
2006-02-03,12.96,56.5
2006-02-06,13.04,56.72
2006-02-07,13.59,54.6
2006-02-08,12.83,54.83
2006-02-09,13.12,56.18
2006-02-10,12.87,54.79
2006-02-13,13.35,53.72
2006-02-14,12.25,54.49
2006-02-15,12.31,53.76
2006-02-16,11.48,54.52
2006-02-17,12.01,54.96
2006-02-21,12.41,55.12
2006-02-22,11.88,55.34
2006-02-23,11.87,54.64
2006-02-24,11.46,55.64
2006-02-27,11.59,55.22
2006-02-28,12.34,56.07
2006-03-01,11.54,56.1
2006-03-02,11.72,56.74
2006-03-03,11.96,56.28
2006-03-06,12.74,55.23
2006-03-07,12.66,54.95
2006-03-08,12.32,53.97
2006-03-09,12.68,54.24
2006-03-10,11.85,53.83
2006-03-13,11.37,54.31
2006-03-14,10.74,54.87
2006-03-15,11.35,55.12
2006-03-16,11.98,55.34
2006-03-17,12.12,55.12
2006-03-20,11.79,55.17
2006-03-21,11.62,54.83
2006-03-22,11.21,54.75
2006-03-23,11.17,54.7
2006-03-24,11.19,55.71
2006-03-27,11.46,56.39
2006-03-28,11.58,56.06
2006-03-29,10.95,57.07
2006-03-30,11.57,58.6
2006-03-31,11.39,58.1
2006-04-03,11.57,58.47
2006-04-04,11.14,58.33
2006-04-05,11.13,58.66
2006-04-06,11.45,59.28
2006-04-07,12.26,58.59
2006-04-10,12.19,59.6
2006-04-11,13.0,59.01
2006-04-12,12.76,59.43
2006-04-13,12.38,59.5
2006-04-17,12.58,61.09
2006-04-18,11.4,61.85
2006-04-19,11.32,63.75
2006-04-20,11.64,60.96
2006-04-21,11.59,63.2
2006-04-24,11.75,61.65
2006-04-25,11.75,62.78
2006-04-26,11.76,63.65
2006-04-27,11.84,62.96
2006-04-28,11.59,65.09
2006-05-01,12.54,65.16
2006-05-02,11.99,66.55
2006-05-03,11.99,66.46
2006-05-04,11.86,67.48
2006-05-05,11.62,67.99
2006-05-08,12.0,67.56
2006-05-09,11.99,69.68
2006-05-10,11.78,70.38
2006-05-11,12.49,71.03
2006-05-12,14.19,71.12
2006-05-15,13.57,67.41
2006-05-16,13.35,68.61
2006-05-17,16.26,68.15
2006-05-18,16.99,67.46
2006-05-19,17.18,65.58
2006-05-22,17.72,65.3
2006-05-23,18.26,66.38
2006-05-24,17.36,64.06
2006-05-25,15.5,64.7
2006-05-26,14.26,65.1
2006-05-30,18.66,65.11
2006-05-31,16.44,64.23
2006-06-01,14.52,62.56
2006-06-02,14.32,63.5
2006-06-05,16.65,63.29
2006-06-06,17.34,62.55
2006-06-07,17.8,62.28
2006-06-08,18.35,60.91
2006-06-09,18.12,60.45
2006-06-12,20.96,60.03
2006-06-13,23.81,55.92
2006-06-14,21.46,55.62
2006-06-15,15.9,57.32
2006-06-16,17.25,57.68
2006-06-19,17.83,56.36
2006-06-20,16.69,57.3
2006-06-21,15.52,58.33
2006-06-22,15.88,57.73
2006-06-23,15.89,57.99
2006-06-26,15.62,58.28
2006-06-27,16.4,57.68
2006-06-28,15.79,57.54
2006-06-29,13.03,59.52
2006-06-30,13.08,61.23
2006-07-03,13.05,62.18
2006-07-05,14.15,62.5
2006-07-06,13.65,63.02
2006-07-07,13.97,62.63
2006-07-10,14.02,62.02
2006-07-11,13.14,63.81
2006-07-12,14.49,64.92
2006-07-13,17.79,65.55
2006-07-14,18.05,65.85
2006-07-17,18.64,63.95
2006-07-18,17.74,62.9
2006-07-19,15.55,64.03
2006-07-20,16.21,62.54
2006-07-21,17.4,61.71
2006-07-24,14.98,61.14
2006-07-25,14.85,61.55
2006-07-26,14.62,62.0
2006-07-27,14.94,62.9
2006-07-28,14.33,63.11
2006-07-31,14.95,63.16
2006-08-01,15.05,64.32
2006-08-02,14.34,64.75
2006-08-03,14.46,64.12
2006-08-04,14.34,64.28
2006-08-07,15.23,64.5
2006-08-08,15.23,63.97
2006-08-09,15.2,64.63
2006-08-10,14.46,63.25
2006-08-11,14.3,62.71
2006-08-14,14.26,62.25
2006-08-15,13.42,62.01
2006-08-16,12.41,62.49
2006-08-17,12.24,61.03
2006-08-18,11.64,61.04
2006-08-21,12.22,62.44
2006-08-22,12.19,62.05
2006-08-23,12.4,61.83
2006-08-24,12.4,61.75
2006-08-25,12.31,61.77
2006-08-28,12.18,61.0
2006-08-29,12.28,60.94
2006-08-30,12.22,61.42
2006-08-31,12.31,62.29
2006-09-01,11.96,62.14
2006-09-05,12.63,63.36
2006-09-06,13.74,62.86
2006-09-07,13.88,61.25
2006-09-08,13.16,60.64
2006-09-11,12.99,58.5
2006-09-12,11.92,58.31
2006-09-13,11.18,58.62
2006-09-14,11.55,57.19
2006-09-15,11.76,57.4
2006-09-18,11.78,58.23
2006-09-19,11.98,56.92
2006-09-20,11.39,57.26
2006-09-21,12.25,57.95
2006-09-22,12.59,58.5
2006-09-25,12.12,58.5
2006-09-26,11.53,58.74
2006-09-27,11.58,59.81
2006-09-28,11.72,59.79
2006-09-29,11.98,59.47
2006-10-02,12.57,59.15
2006-10-03,12.24,57.11
2006-10-04,11.86,56.37
2006-10-05,11.98,56.92
2006-10-06,11.56,56.99
2006-10-09,11.68,57.2
2006-10-10,11.52,57.0
2006-10-11,11.62,56.88
2006-10-12,11.09,57.49
2006-10-13,10.75,58.57
2006-10-16,11.09,59.17
2006-10-17,11.73,58.65
2006-10-18,11.34,58.59
2006-10-19,10.9,59.41
2006-10-20,10.63,58.78
2006-10-23,11.08,57.76
2006-10-24,10.78,58.17
2006-10-25,10.66,58.76
2006-10-26,10.56,59.29
2006-10-27,10.8,59.4
2006-10-30,11.2,59.9
2006-10-31,11.1,60.24
2006-11-01,11.51,61.36
2006-11-02,11.42,61.92
2006-11-03,11.16,62.3
2006-11-06,11.16,61.89
2006-11-07,11.09,62.04
2006-11-08,10.75,61.11
2006-11-09,11.01,62.95
2006-11-10,10.79,62.49
2006-11-13,10.86,62.19
2006-11-14,10.5,61.63
2006-11-15,10.31,61.84
2006-11-16,10.16,61.31
2006-11-17,10.05,61.78
2006-11-20,9.97,61.77
2006-11-21,9.9,62.27
2006-11-22,10.14,62.5
2006-11-24,10.73,63.5
2006-11-27,12.3,63.7
2006-11-28,11.62,63.57
2006-11-29,10.83,63.16
2006-11-30,10.91,64.39
2006-12-01,11.66,64.12
2006-12-04,11.23,64.12
2006-12-05,11.27,63.81
2006-12-06,11.33,62.69
2006-12-07,12.67,62.73
2006-12-08,12.07,62.05
2006-12-11,10.71,62.57
2006-12-12,10.65,62.52
2006-12-13,10.18,62.48
2006-12-14,9.97,62.12
2006-12-15,10.05,61.0
2006-12-18,10.6,61.04
2006-12-19,10.3,61.8
2006-12-20,10.26,61.62
2006-12-21,10.53,61.38
2006-12-22,11.36,61.65
2006-12-26,11.26,61.98
2006-12-27,10.64,62.22
2006-12-28,10.99,62.9
2006-12-29,11.56,63.21
2007-01-03,12.04,62.28
2007-01-04,11.51,61.65
2007-01-05,12.14,60.17
2007-01-08,12.0,60.48
2007-01-09,11.91,60.85
2007-01-10,11.47,60.59
2007-01-11,10.87,60.63
2007-01-12,10.15,62.17
2007-01-16,10.74,61.97
2007-01-17,10.59,62.64
2007-01-18,10.85,62.26
2007-01-19,10.4,63.0
2007-01-22,10.77,62.72
2007-01-23,10.34,64.23
2007-01-24,9.89,64.33
2007-01-25,11.22,64.06
2007-01-26,11.13,64.1
2007-01-29,11.45,63.77
2007-01-30,10.96,64.22
2007-01-31,10.42,64.83
2007-02-01,10.31,65.22
2007-02-02,10.08,64.28
2007-02-05,10.55,64.31
2007-02-06,10.65,64.79
2007-02-07,10.32,64.63
2007-02-08,10.44,65.52
2007-02-09,11.1,66.12
2007-02-12,11.61,65.67
2007-02-13,10.34,65.84
2007-02-14,10.23,66.37
2007-02-15,10.22,66.41
2007-02-16,10.02,66.36
2007-02-20,10.24,65.31
2007-02-21,10.2,67.28
2007-02-22,10.18,67.15
2007-02-23,10.58,67.72
2007-02-26,11.15,68.1
2007-02-27,18.31,65.41
2007-02-28,15.42,66.48
2007-03-01,15.82,65.82
2007-03-02,18.61,63.71
2007-03-05,19.63,62.93
2007-03-06,15.96,64.15
2007-03-07,15.24,64.3
2007-03-08,14.29,64.48
2007-03-09,14.09,64.25
2007-03-12,13.99,64.37
2007-03-13,18.13,63.72
2007-03-14,17.27,63.94
2007-03-15,16.43,63.98
2007-03-16,16.79,64.62
2007-03-19,14.59,64.74
2007-03-20,13.27,65.27
2007-03-21,12.19,65.82
2007-03-22,12.93,65.76
2007-03-23,12.95,65.15
2007-03-26,13.16,65.84
2007-03-27,13.48,65.7
2007-03-28,14.98,66.05
2007-03-29,15.14,65.65
2007-03-30,14.64,65.74
2007-04-02,14.53,65.85
2007-04-03,13.46,65.83
2007-04-04,13.24,66.81
2007-04-05,13.23,66.86
2007-04-09,13.14,66.53
2007-04-10,12.68,67.16
2007-04-11,13.49,67.08
2007-04-12,12.71,66.99
2007-04-13,12.2,67.84
2007-04-16,11.98,68.4
2007-04-17,12.14,68.0
2007-04-18,12.42,68.38
2007-04-19,12.54,67.53
2007-04-20,12.07,68.7
2007-04-23,13.04,68.26
2007-04-24,13.12,67.73
2007-04-25,13.21,67.89
2007-04-26,12.79,66.87
2007-04-27,12.45,67.56
2007-04-30,14.22,67.09
2007-05-01,13.51,66.69
2007-05-02,13.08,66.66
2007-05-03,13.09,67.49
2007-05-04,12.91,68.19
2007-05-07,13.15,68.25
2007-05-08,13.21,67.88
2007-05-09,12.88,67.45
2007-05-10,13.6,66.0
2007-05-11,12.95,66.45
2007-05-14,13.96,66.28
2007-05-15,14.01,66.54
2007-05-16,13.5,65.6
2007-05-17,13.51,65.06
2007-05-18,12.76,65.52
2007-05-21,13.3,65.67
2007-05-22,13.06,65.22
2007-05-23,13.24,65.54
2007-05-24,14.08,64.75
2007-05-25,13.34,64.94
2007-05-29,13.53,65.07
2007-05-30,12.83,64.72
2007-05-31,13.05,65.54
2007-06-01,12.78,66.44
2007-06-04,13.29,66.54
2007-06-05,13.63,66.37
2007-06-06,14.87,66.41
2007-06-07,17.06,65.26
2007-06-08,14.84,64.22
2007-06-11,14.71,64.7
2007-06-12,16.67,64.1
2007-06-13,14.73,64.53
2007-06-14,13.64,64.6
2007-06-15,13.94,64.85
2007-06-18,13.42,64.95
2007-06-19,12.85,65.48
2007-06-20,14.67,64.71
2007-06-21,14.21,64.56
2007-06-22,15.75,64.78
2007-06-25,16.65,64.43
2007-06-26,18.89,63.62
2007-06-27,15.53,63.67
2007-06-28,15.54,64.26
2007-06-29,16.23,64.27
2007-07-02,15.4,65.02
2007-07-03,14.92,64.74
2007-07-05,15.48,64.42
2007-07-06,14.72,64.96
2007-07-09,15.16,65.38
2007-07-10,17.57,65.61
2007-07-11,16.64,65.44
2007-07-12,15.54,66.02
2007-07-13,15.15,66.03
2007-07-16,15.59,65.82
2007-07-17,15.63,65.75
2007-07-18,16.0,66.62
2007-07-19,15.23,67.01
2007-07-20,16.95,67.58
2007-07-23,16.81,67.47
2007-07-24,18.55,67.47
2007-07-25,18.1,66.9
2007-07-26,20.74,65.65
2007-07-27,24.17,65.41
2007-07-30,20.87,65.77
2007-07-31,23.52,65.79
2007-08-01,23.67,65.93
2007-08-02,21.22,65.89
2007-08-03,25.16,66.69
2007-08-06,22.94,66.52
2007-08-07,21.56,66.48
2007-08-08,21.45,66.77
2007-08-09,26.48,65.46
2007-08-10,28.3,66.57
2007-08-13,26.57,66.26
2007-08-14,27.68,66.29
2007-08-15,30.67,66.13
2007-08-16,30.83,64.68
2007-08-17,29.99,65.01
2007-08-20,26.33,65.12
2007-08-21,25.25,65.07
2007-08-22,22.89,65.4
2007-08-23,22.62,65.31
2007-08-24,20.72,66.11
2007-08-27,22.72,65.98
2007-08-28,26.3,65.59
2007-08-29,23.81,66.07
2007-08-30,25.06,65.8
2007-08-31,23.38,66.52
2007-09-04,22.78,67.44
2007-09-05,24.58,67.56
2007-09-06,23.99,68.86
2007-09-07,26.23,69.39
2007-09-11,25.27,70.52
2007-09-12,24.96,70.46
2007-09-13,24.76,70.08
2007-09-14,24.92,69.99
2007-09-17,26.48,70.97
2007-09-18,20.35,71.7
2007-09-19,20.03,71.43
2007-09-20,20.45,72.72
2007-09-21,19.0,72.34
2007-09-24,19.37,72.28
2007-09-25,18.6,72.33
2007-09-26,17.63,72.0
2007-09-27,17.0,72.7
2007-09-28,18.0,73.51
2007-10-01,17.84,73.9
2007-10-02,18.49,72.35
2007-10-03,18.8,71.9
2007-10-04,18.44,72.87
2007-10-05,16.91,73.4
2007-10-08,17.46,72.53
2007-10-09,16.12,73.09
2007-10-10,16.67,73.36
2007-10-11,18.88,73.91
2007-10-12,17.73,74.59
2007-10-15,19.25,75.14
2007-10-16,20.02,75.12
2007-10-18,18.5,76.0
2007-10-19,22.96,75.7
2007-10-22,21.64,74.6
2007-10-23,20.41,75.23
2007-10-24,20.8,75.52
2007-10-25,21.17,76.03
2007-10-26,19.56,77.69
2007-10-29,19.87,78.12
2007-10-30,21.07,77.35
2007-10-31,18.53,78.62
2007-11-01,23.21,77.93
2007-11-02,23.01,79.83
2007-11-05,24.31,79.75
2007-11-06,21.39,81.43
2007-11-07,26.49,82.24
2007-11-08,26.16,82.23
2007-11-09,28.5,82.18
2007-11-12,31.09,78.3
2007-11-13,24.1,79.12
2007-11-14,25.94,80.28
2007-11-15,28.06,77.95
2007-11-16,25.49,77.75
2007-11-19,26.01,77.24
2007-11-20,24.88,79.47
2007-11-21,26.84,79.36
2007-11-23,25.61,81.25
2007-11-27,26.28,80.1
2007-11-28,24.11,79.57
2007-11-29,23.97,78.28
2007-11-30,22.87,77.32
2007-12-03,23.61,78.28
2007-12-04,23.79,79.4
2007-12-05,22.53,78.63
2007-12-06,20.96,79.37
2007-12-07,20.85,78.6
2007-12-10,20.74,80.0
2007-12-11,23.59,78.84
2007-12-12,22.47,80.49
2007-12-13,22.56,78.5
2007-12-14,23.27,78.52
2007-12-17,24.52,78.13
2007-12-19,21.68,79.24
2007-12-20,20.58,78.67
2007-12-21,18.47,80.1
2007-12-24,18.6,80.14
2007-12-26,18.66,81.52
2007-12-27,20.26,81.56
2007-12-28,20.74,83.0
2007-12-31,22.5,82.46
2008-01-02,23.17,84.86
2008-01-03,22.49,85.57
2008-01-04,23.94,85.13
2008-01-07,23.79,84.77
2008-01-08,25.43,86.78
2008-01-09,24.12,86.55
2008-01-10,23.45,88.25
2008-01-11,23.68,88.58
2008-01-14,22.9,89.54
2008-01-15,23.34,87.99
2008-01-16,24.38,86.7
2008-01-17,28.46,86.5
2008-01-18,27.18,87.42
2008-01-22,31.01,88.17
2008-01-23,29.02,87.89
2008-01-24,27.78,90.08
2008-01-25,29.08,90.3
2008-01-28,27.78,91.75
2008-01-29,27.32,91.15
2008-01-30,27.62,92.06
2008-01-31,26.2,91.4
2008-02-01,24.02,89.35
2008-02-04,25.99,89.1
2008-02-05,28.24,87.68
2008-02-06,28.97,88.95
2008-02-07,27.66,89.85
2008-02-08,28.01,91.0
2008-02-11,27.6,91.33
2008-02-12,26.33,89.33
2008-02-13,24.88,89.44
2008-02-14,25.54,89.71
2008-02-15,25.02,89.15
2008-02-19,25.59,91.58
2008-02-20,24.4,93.24
2008-02-21,25.12,93.25
2008-02-22,24.06,93.39
2008-02-25,23.03,92.74
2008-02-26,21.9,93.71
2008-02-27,22.69,94.78
2008-02-28,23.53,95.99
2008-02-29,26.54,96.18
2008-03-03,26.28,97.24
2008-03-04,25.52,95.18
2008-03-05,24.6,97.72
2008-03-06,27.55,96.5
2008-03-07,27.49,96.09
2008-03-10,29.38,95.87
2008-03-11,26.36,95.99
2008-03-12,27.22,97.01
2008-03-13,27.29,98.34
2008-03-14,31.16,98.71
2008-03-17,32.24,99.17
2008-03-18,25.79,96.5
2008-03-19,29.84,93.04
2008-03-20,26.62,89.91
2008-03-24,25.73,90.1
2008-03-25,25.72,92.73
2008-03-26,26.08,93.8
2008-03-27,25.88,93.46
2008-03-28,25.71,91.88
2008-03-31,25.61,90.41
2008-04-01,22.68,86.86
2008-04-02,23.43,89.27
2008-04-03,23.21,89.42
2008-04-04,22.45,90.25
2008-04-07,22.42,91.17
2008-04-08,22.36,90.35
2008-04-09,22.81,92.29
2008-04-10,21.98,91.77
2008-04-11,23.46,91.3
2008-04-14,23.82,91.11
2008-04-15,22.78,91.66
2008-04-16,20.53,93.27
2008-04-17,20.37,92.56
2008-04-18,20.13,90.62
2008-04-21,20.5,90.25
2008-04-22,20.87,90.27
2008-04-23,20.26,89.22
2008-04-24,20.06,87.22
2008-04-25,19.59,87.27
2008-04-28,19.64,87.69
2008-04-29,20.24,85.81
2008-04-30,20.79,86.65
2008-05-01,18.88,83.99
2008-05-02,18.18,84.58
2008-05-05,18.9,86.27
2008-05-06,18.21,86.63
2008-05-07,19.73,85.82
2008-05-08,19.4,87.24
2008-05-09,19.41,87.42
2008-05-12,17.79,86.99
2008-05-13,17.98,85.39
2008-05-14,17.66,85.2
2008-05-15,16.3,87.0
2008-05-16,16.47,89.1
2008-05-19,17.01,89.39
2008-05-20,17.58,90.9
2008-05-21,18.59,91.96
2008-05-22,18.05,90.98
2008-05-23,19.55,91.23
2008-05-27,19.64,89.36
2008-05-28,19.07,89.14
2008-05-29,18.14,86.51
2008-05-30,17.83,87.45
2008-06-02,19.83,87.96
2008-06-03,20.24,86.88
2008-06-04,20.8,86.65
2008-06-05,18.63,86.45
2008-06-06,23.56,89.06
2008-06-09,23.12,87.99
2008-06-10,23.18,85.55
2008-06-11,24.12,87.02
2008-06-12,23.33,85.6
2008-06-13,21.22,85.83
2008-06-16,20.95,87.01
2008-06-17,21.13,87.25
2008-06-18,22.24,88.28
2008-06-19,21.58,88.42
2008-06-20,22.87,88.95
2008-06-23,22.64,87.09
2008-06-24,22.42,87.47
2008-06-25,21.14,87.42
2008-06-26,23.93,90.61
2008-06-27,23.44,91.47
2008-06-30,23.95,91.4
2008-07-01,23.65,92.66
2008-07-02,25.92,93.17
2008-07-03,24.8,92.06
2008-07-07,25.78,91.23
2008-07-08,23.15,90.86
2008-07-09,25.23,91.5
2008-07-10,25.59,93.53
2008-07-11,27.49,95.16
2008-07-14,28.48,95.91
2008-07-15,28.54,96.17
2008-07-16,25.1,94.44
2008-07-17,25.01,94.22
2008-07-18,24.05,94.17
2008-07-21,23.05,95.12
2008-07-22,21.18,93.06
2008-07-23,21.31,90.57
2008-07-24,23.44,91.33
2008-07-25,22.91,91.69
2008-07-28,24.23,91.73
2008-07-29,22.03,90.59
2008-07-30,21.21,89.52
2008-07-31,22.94,90.08
2008-08-01,22.57,89.57
2008-08-04,23.49,88.14
2008-08-05,21.14,86.08
2008-08-06,20.23,86.64
2008-08-07,21.15,86.09
2008-08-08,20.66,84.43
2008-08-11,20.12,81.13
2008-08-12,21.17,80.52
2008-08-13,21.55,81.56
2008-08-14,20.34,79.35
2008-08-15,19.58,77.63
2008-08-18,20.98,78.8
2008-08-19,21.28,80.43
2008-08-20,20.42,80.06
2008-08-21,19.82,82.3
2008-08-22,18.81,81.08
2008-08-25,20.97,80.93
2008-08-26,20.49,81.23
2008-08-27,19.76,81.36
2008-08-28,19.43,82.18
2008-08-29,20.65,81.71
2008-09-02,21.99,79.2
2008-09-03,21.43,78.89
2008-09-04,24.03,78.39
2008-09-05,23.06,78.98
2008-09-08,22.64,78.86
2008-09-09,25.47,76.49
2008-09-10,24.52,74.22
2008-09-11,24.39,73.08
2008-09-12,25.66,75.55
2008-09-15,31.7,77.56
2008-09-16,30.3,76.79
2008-09-17,36.22,85.46
2008-09-18,33.1,82.8
2008-09-19,32.07,85.98
2008-09-22,33.85,89.18
2008-09-23,35.72,88.32
2008-09-24,35.17,86.71
2008-09-25,32.82,86.45
2008-09-26,34.74,86.64
2008-09-29,46.72,89.57
2008-09-30,39.39,85.07
2008-10-01,39.7,85.97
2008-10-02,45.26,82.33
2008-10-03,45.14,82.59
2008-10-06,51.93,84.28
2008-10-07,53.78,87.27
2008-10-08,57.53,89.42
2008-10-09,63.92,89.9
2008-10-10,69.72,83.22
2008-10-13,54.99,81.99
2008-10-14,55.13,82.2
2008-10-15,69.01,83.31
2008-10-16,67.61,79.29
2008-10-17,70.33,77.21
2008-10-20,52.97,78.5
2008-10-21,53.11,76.03
2008-10-22,69.65,71.71
2008-10-23,67.8,70.65
2008-10-24,79.13,72.21
2008-10-27,80.06,72.18
2008-10-28,66.94,73.79
2008-10-29,69.96,74.0
2008-10-30,62.9,72.71
2008-10-31,59.89,71.34
2008-11-03,53.74,71.1
2008-11-04,47.73,75.48
2008-11-05,54.58,72.8
2008-11-06,63.64,72.22
2008-11-07,56.1,72.5
2008-11-10,59.98,73.58
2008-11-11,61.44,72.05
2008-11-12,66.46,70.0
2008-11-13,59.09,72.15
2008-11-14,66.2,73.3
2008-11-17,69.15,72.65
2008-11-18,67.64,72.51
2008-11-19,74.26,72.26
2008-11-20,80.86,73.45
2008-11-21,72.67,78.85
2008-11-24,64.7,80.91
2008-11-25,60.9,80.87
2008-11-26,54.92,80.38
2008-11-28,55.28,80.31
2008-12-01,68.51,75.65
2008-12-02,62.98,76.95
2008-12-03,60.72,76.18
2008-12-04,63.64,75.5
2008-12-05,59.93,74.52
2008-12-08,58.49,76.19
2008-12-09,58.91,76.33
2008-12-10,55.73,79.75
2008-12-11,55.78,80.65
2008-12-12,54.28,80.81
2008-12-15,56.76,82.6
2008-12-16,52.37,84.46
2008-12-17,49.84,85.43
2008-12-18,47.34,83.87
2008-12-19,44.93,82.63
2008-12-22,44.56,83.46
2008-12-23,45.02,82.63
2008-12-24,44.21,83.46
2008-12-26,43.38,85.6
2008-12-29,43.9,86.35
2008-12-30,41.63,85.9
2008-12-31,40.0,86.52
2009-01-02,39.19,86.23
2009-01-05,39.08,84.48
2009-01-06,38.56,85.13
2009-01-07,43.39,82.75
2009-01-08,42.56,84.46
2009-01-09,42.82,83.92
2009-01-12,45.84,80.76
2009-01-13,43.27,80.88
2009-01-14,49.14,79.79
2009-01-15,51.0,80.39
2009-01-16,46.11,82.71
2009-01-20,56.65,84.52
2009-01-21,46.42,84.15
2009-01-22,47.29,84.58
2009-01-23,47.27,88.53
2009-01-26,45.69,88.95
2009-01-27,42.25,88.38
2009-01-28,39.66,87.42
2009-01-29,42.63,89.5
2009-01-30,44.84,91.31
2009-02-02,45.52,88.84
2009-02-03,43.06,88.47
2009-02-04,43.85,89.18
2009-02-05,43.73,90.12
2009-02-06,43.37,89.59
2009-02-09,43.64,88.32
2009-02-10,46.67,90.21
2009-02-11,44.53,92.29
2009-02-12,41.25,93.17
2009-02-13,42.93,92.55
2009-02-17,48.66,95.45
2009-02-18,48.46,96.91
2009-02-19,47.08,95.77
2009-02-20,49.3,97.8
2009-02-23,52.62,97.73
2009-02-24,45.49,94.73
2009-02-25,44.67,93.15
2009-02-26,44.66,93.06
2009-02-27,46.35,92.63
2009-03-02,52.65,90.93
2009-03-03,50.93,90.04
2009-03-04,47.56,88.99
2009-03-05,50.17,91.99
2009-03-06,49.33,92.29
2009-03-09,49.68,90.57
2009-03-10,44.37,88.14
2009-03-11,43.61,89.22
2009-03-12,41.18,91.1
2009-03-13,42.36,91.3
2009-03-16,43.74,90.8
2009-03-17,40.8,90.04
2009-03-18,40.06,93.09
2009-03-19,43.68,94.35
2009-03-20,45.89,93.59
2009-03-23,43.23,92.08
2009-03-24,42.93,90.95
2009-03-25,42.25,91.98
2009-03-26,40.36,91.93
2009-03-27,41.04,90.69
2009-03-30,45.54,89.98
2009-03-31,44.14,90.28
2009-04-01,42.28,91.03
2009-04-02,42.04,88.8
2009-04-03,39.7,87.59
2009-04-06,40.93,85.27
2009-04-07,40.39,86.74
2009-04-08,38.85,86.61
2009-04-09,36.53,86.31
2009-04-13,37.81,87.88
2009-04-14,37.67,87.37
2009-04-15,36.17,87.5
2009-04-16,35.79,85.81
2009-04-17,33.94,85.22
2009-04-20,39.18,86.95
2009-04-21,37.14,86.89
2009-04-22,38.1,87.38
2009-04-23,37.15,88.8
2009-04-24,36.82,89.72
2009-04-27,38.32,89.01
2009-04-28,37.95,87.75
2009-04-29,36.08,88.33
2009-04-30,36.5,87.27
2009-05-01,35.3,86.95
2009-05-04,34.53,88.64
2009-05-05,33.36,88.25
2009-05-06,32.45,89.54
2009-05-07,33.44,89.44
2009-05-08,32.05,89.98
2009-05-11,32.87,89.69
2009-05-12,31.8,90.7
2009-05-13,33.65,91.09
2009-05-14,31.37,91.03
2009-05-15,33.12,91.55
2009-05-18,30.24,90.36
2009-05-19,28.8,90.96
2009-05-20,29.03,92.25
2009-05-21,31.35,93.85
2009-05-22,32.63,94.15
2009-05-26,30.62,93.76
2009-05-27,32.36,93.45
2009-05-28,31.67,94.24
2009-05-29,28.92,96.2
2009-06-01,30.04,95.73
2009-06-02,29.63,96.36
2009-06-03,31.02,94.41
2009-06-04,30.18,96.23
2009-06-05,29.62,93.71
2009-06-08,29.77,93.56
2009-06-09,28.27,93.83
2009-06-10,28.46,93.86
2009-06-11,28.11,93.7
2009-06-12,28.15,92.17
2009-06-15,30.81,91.1
2009-06-16,32.68,91.93
2009-06-17,31.54,92.35
2009-06-18,30.03,91.61
2009-06-19,27.99,91.9
2009-06-22,31.17,90.54
2009-06-23,30.58,90.92
2009-06-24,29.05,91.45
2009-06-25,26.36,92.31
2009-06-26,25.93,92.29
2009-06-29,25.35,92.04
2009-06-30,26.35,91.18
2009-07-01,26.22,92.39
2009-07-02,27.95,91.25
2009-07-06,29.0,90.76
2009-07-07,30.85,90.71
2009-07-08,31.3,89.27
2009-07-09,29.78,89.51
2009-07-10,29.02,89.58
2009-07-13,26.31,90.19
2009-07-14,25.02,90.81
2009-07-15,25.89,92.24
2009-07-16,25.42,91.98
2009-07-17,24.34,91.93
2009-07-20,24.4,93.28
2009-07-21,23.87,93.13
2009-07-22,23.47,93.44
2009-07-23,23.43,93.26
2009-07-24,23.09,93.41
2009-07-27,24.28,93.71
2009-07-28,25.01,92.11
2009-07-29,25.61,91.2
2009-07-30,25.4,91.62
2009-07-31,25.92,93.35
2009-08-03,25.56,93.87
2009-08-04,24.89,94.68
2009-08-05,24.9,94.78
2009-08-06,25.67,94.6
2009-08-07,24.76,93.75
2009-08-10,24.99,92.93
2009-08-11,25.99,92.79
2009-08-12,25.45,92.95
2009-08-13,24.71,93.72
2009-08-14,24.27,93.0
2009-08-17,27.89,91.61
2009-08-18,26.18,92.06
2009-08-19,26.26,92.53
2009-08-20,25.09,92.27
2009-08-21,25.01,93.65
2009-08-24,25.14,92.34
2009-08-25,24.92,92.76
2009-08-26,24.95,92.79
2009-08-27,24.68,93.19
2009-08-28,24.76,93.87
2009-08-31,26.01,93.4
2009-09-01,29.15,93.9
2009-09-02,28.9,96.19
2009-09-03,27.1,97.46
2009-09-04,25.26,97.53
2009-09-08,25.62,97.43
2009-09-09,24.32,97.08
2009-09-10,23.55,97.7
2009-09-11,24.15,98.78
2009-09-14,23.86,97.96
2009-09-15,23.42,98.9
2009-09-16,23.69,99.91
2009-09-17,23.65,99.34
2009-09-18,23.92,98.67
2009-09-21,24.06,98.36
2009-09-22,23.08,99.67
2009-09-23,23.49,98.83
2009-09-24,24.95,97.55
2009-09-25,25.61,97.0
2009-09-28,24.88,97.05
2009-09-29,25.19,97.43
2009-09-30,25.61,98.85
2009-10-01,28.27,97.89
2009-10-02,28.68,98.37
2009-10-05,26.84,99.82
2009-10-06,25.7,102.28
2009-10-07,24.68,102.36
2009-10-08,24.18,103.64
2009-10-09,23.12,102.84
2009-10-12,23.01,103.56
2009-10-13,22.99,104.26
2009-10-14,22.86,104.18
2009-10-15,21.72,102.86
2009-10-16,21.43,103.18
2009-10-19,21.49,104.23
2009-10-20,20.9,103.42
2009-10-21,22.22,103.75
2009-10-22,20.69,103.92
2009-10-23,22.27,103.49
2009-10-26,24.31,101.86
2009-10-27,24.83,101.85
2009-10-28,27.91,100.73
2009-10-29,24.76,102.69
2009-10-30,30.69,102.53
2009-11-02,29.78,103.95
2009-11-03,28.81,106.46
2009-11-04,27.72,107.1
2009-11-05,25.43,106.98
2009-11-06,24.19,107.43
2009-11-09,23.15,108.19
2009-11-10,22.84,108.39
2009-11-11,23.04,109.6
2009-11-12,24.24,108.21
2009-11-13,23.36,109.74
2009-11-16,22.89,111.63
2009-11-17,22.41,111.97
2009-11-18,21.63,112.25
2009-11-19,22.63,112.3
2009-11-20,22.19,112.94
2009-11-23,21.16,114.29
2009-11-24,20.47,114.73
2009-11-25,20.48,116.62
2009-11-27,24.74,115.06
2009-11-30,24.51,115.64
2009-12-01,21.92,117.38
2009-12-02,21.12,119.18
2009-12-03,22.46,118.7
2009-12-04,21.25,113.75
2009-12-07,22.1,113.11
2009-12-08,23.69,110.95
2009-12-09,22.66,110.84
2009-12-10,22.32,110.82
2009-12-11,21.59,109.32
2009-12-14,21.15,110.24
2009-12-15,21.49,110.21
2009-12-16,20.54,111.59
2009-12-17,22.51,107.34
2009-12-18,21.68,108.95
2009-12-21,20.49,106.95
2009-12-22,19.54,106.17
2009-12-23,19.71,106.55
2009-12-24,19.47,108.36
2009-12-28,19.93,108.55
2009-12-29,20.01,107.47
2009-12-30,19.96,106.93
2009-12-31,21.68,107.31
2010-01-04,20.04,109.8
2010-01-05,19.35,109.7
2010-01-06,19.16,111.51
2010-01-07,19.06,110.82
2010-01-08,18.13,111.37
2010-01-11,17.55,112.85
2010-01-12,18.25,110.49
2010-01-13,17.85,111.54
2010-01-14,17.63,112.03
2010-01-15,17.91,110.86
2010-01-19,17.58,111.52
2010-01-20,18.68,108.94
2010-01-21,22.27,107.37
2010-01-22,27.31,107.17
2010-01-25,25.41,107.48
2010-01-26,24.55,107.56
2010-01-27,23.14,106.53
2010-01-28,23.73,106.48
2010-01-29,24.62,105.96
2010-02-01,22.59,108.35
2010-02-02,21.48,109.13
2010-02-03,21.6,108.7
2010-02-04,26.08,104.37
2010-02-05,26.11,104.68
2010-02-08,26.51,104.04
2010-02-09,26.0,105.41
2010-02-10,25.4,105.12
2010-02-11,23.96,107.13
2010-02-12,22.73,107.04
2010-02-16,22.25,109.62
2010-02-17,21.72,109.25
2010-02-18,20.63,109.98
2010-02-19,20.02,109.47
2010-02-22,19.94,109.07
2010-02-23,21.37,107.89
2010-02-24,20.27,107.36
2010-02-25,20.1,108.31
2010-02-26,19.5,109.43
2010-03-01,19.26,109.43
2010-03-02,19.06,111.02
2010-03-03,18.83,111.63
2010-03-04,18.72,110.83
2010-03-05,17.42,110.81
2010-03-08,17.79,109.88
2010-03-09,17.92,109.72
2010-03-10,18.57,108.47
2010-03-11,18.06,108.6
2010-03-12,17.58,107.95
2010-03-15,18.0,108.36
2010-03-16,17.69,110.4
2010-03-17,16.91,109.59
2010-03-18,16.62,110.34
2010-03-19,16.97,108.28
2010-03-22,16.87,107.75
2010-03-23,16.35,108.32
2010-03-24,17.55,106.3
2010-03-25,18.4,106.78
2010-03-26,17.77,108.59
2010-03-29,17.59,108.75
2010-03-30,17.13,107.97
2010-03-31,17.59,108.95
2010-04-01,17.47,110.26
2010-04-05,17.02,110.89
2010-04-06,16.23,111.03
2010-04-07,16.62,112.49
2010-04-08,16.48,112.65
2010-04-09,16.14,113.64
2010-04-12,15.58,113.01
2010-04-13,16.2,112.69
2010-04-14,15.59,113.03
2010-04-15,15.89,113.65
2010-04-16,18.36,111.24
2010-04-19,17.34,111.15
2010-04-20,15.73,111.46
2010-04-21,16.32,112.31
2010-04-22,16.47,111.84
2010-04-23,16.62,113.19
2010-04-26,17.47,112.75
2010-04-27,22.81,114.63
2010-04-28,21.08,114.31
2010-04-29,18.44,114.28
2010-04-30,22.06,115.36
2010-05-03,20.19,115.73
2010-05-04,23.84,114.87
2010-05-05,24.91,115.09
2010-05-06,32.8,118.49
2010-05-07,40.95,118.27
2010-05-10,28.84,117.57
2010-05-11,28.32,120.66
2010-05-12,25.52,121.4
2010-05-13,26.68,120.56
2010-05-14,31.24,120.37
2010-05-17,30.84,119.36
2010-05-18,33.55,119.49
2010-05-19,35.32,116.63
2010-05-20,45.79,115.84
2010-05-21,40.1,115.22
2010-05-24,38.32,116.84
2010-05-25,34.61,117.36
2010-05-26,35.02,118.47
2010-05-27,29.68,118.69
2010-05-28,32.07,118.88
2010-06-01,35.54,119.91
2010-06-02,30.17,119.78
2010-06-03,29.46,117.96
2010-06-04,35.48,119.19
2010-06-07,36.57,121.49
2010-06-08,33.7,121.0
2010-06-09,33.73,120.56
2010-06-10,30.57,118.98
2010-06-11,28.79,120.01
2010-06-14,28.58,119.6
2010-06-15,25.87,120.99
2010-06-16,25.92,120.33
2010-06-17,25.05,121.9
2010-06-18,23.95,122.83
2010-06-21,24.88,120.39
2010-06-22,27.05,121.45
2010-06-23,26.91,120.95
2010-06-24,34.94,121.3
2010-06-25,28.53,122.76
2010-06-28,29.0,121.09
2010-06-29,34.13,121.27
2010-06-30,34.54,121.68
2010-07-01,32.86,117.04
2010-07-02,30.12,118.49
2010-07-06,29.65,116.51
2010-07-07,26.84,117.73
2010-07-08,25.71,117.21
2010-07-09,24.98,118.36
2010-07-12,24.43,117.34
2010-07-13,24.56,118.36
2010-07-14,24.89,118.3
2010-07-15,25.14,118.23
2010-07-16,26.25,116.67
2010-07-19,25.97,115.73
2010-07-20,23.93,116.65
2010-07-21,25.64,115.85
2010-07-22,24.63,116.86
2010-07-23,23.47,116.09
2010-07-27,23.19,113.51
2010-07-28,24.25,113.78
2010-07-29,24.13,114.29
2010-07-30,23.5,115.49
2010-08-02,22.01,115.54
2010-08-03,22.63,115.99
2010-08-04,22.21,116.72
2010-08-05,22.1,116.98
2010-08-06,21.74,117.84
2010-08-09,22.14,117.4
2010-08-10,22.37,117.73
2010-08-11,25.39,117.34
2010-08-12,25.73,118.77
2010-08-13,26.24,118.74
2010-08-16,26.1,119.73
2010-08-17,24.33,119.75
2010-08-18,24.59,120.22
2010-08-19,26.44,120.39
2010-08-20,25.49,119.97
2010-08-23,25.66,119.78
2010-08-24,27.46,120.36
2010-08-25,26.7,121.36
2010-08-26,27.37,120.96
2010-08-27,24.45,121.01
2010-08-30,27.21,120.91
2010-08-31,26.05,122.08
2010-09-01,23.89,121.69
2010-09-02,23.19,122.29
2010-09-03,21.31,121.86
2010-09-07,23.8,122.7
2010-09-08,23.25,122.71
2010-09-09,22.81,121.56
2010-09-10,21.99,121.73
2010-09-13,21.21,121.62
2010-09-14,21.56,124.02
2010-09-15,22.1,123.94
2010-09-16,21.72,124.63
2010-09-17,22.01,124.54
2010-09-20,21.5,124.87
2010-09-21,22.35,126.01
2010-09-22,22.51,126.2
2010-09-23,23.87,126.3
2010-09-24,21.71,126.69
2010-09-27,22.54,126.72
2010-09-28,22.6,127.85
2010-09-29,23.25,127.95
2010-09-30,23.7,127.91
2010-10-01,22.5,128.91
2010-10-04,23.53,128.46
2010-10-05,21.76,130.99
2010-10-06,21.71,131.81
2010-10-07,21.56,130.37
2010-10-08,20.71,131.66
2010-10-11,18.96,132.29
2010-10-12,18.93,131.96
2010-10-13,19.07,134.07
2010-10-14,19.88,134.75
2010-10-15,19.03,133.68
2010-10-18,19.09,134.28
2010-10-19,20.63,130.11
2010-10-20,19.79,131.32
2010-10-21,19.27,129.47
2010-10-22,18.78,129.73
2010-10-25,19.85,130.85
2010-10-26,20.22,130.88
2010-10-27,20.71,129.52
2010-10-28,20.88,131.24
2010-10-29,21.2,132.62
2010-11-01,21.83,131.92
2010-11-02,21.57,132.49
2010-11-03,19.56,131.57
2010-11-04,18.52,136.03
2010-11-05,18.26,136.38
2010-11-08,18.29,137.78
2010-11-09,19.08,135.59
2010-11-10,18.47,137.24
2010-11-11,18.64,137.66
2010-11-12,20.61,133.69
2010-11-15,20.2,132.42
2010-11-16,22.58,130.97
2010-11-17,21.76,130.38
2010-11-18,18.75,132.09
2010-11-19,18.04,132.2
2010-11-22,18.37,133.48
2010-11-23,20.63,134.41
2010-11-24,19.56,134.18
2010-11-26,22.22,133.11
2010-11-29,21.53,133.51
2010-11-30,23.54,135.42
2010-12-01,21.36,135.38
2010-12-02,19.39,135.2
2010-12-03,18.01,138.07
2010-12-06,18.02,139.11
2010-12-07,17.99,136.5
2010-12-08,17.74,134.79
2010-12-09,17.25,135.37
2010-12-10,17.61,135.41
2010-12-13,17.55,136.05
2010-12-14,17.61,136.18
2010-12-15,17.94,134.7
2010-12-16,17.39,133.81
2010-12-17,16.11,134.2
2010-12-20,16.41,135.11
2010-12-21,16.49,135.32
2010-12-22,15.45,135.05
2010-12-23,16.47,134.66
2010-12-27,17.67,135.02
2010-12-28,17.52,137.22
2010-12-29,17.28,137.71
2010-12-30,17.52,137.03
2010-12-31,17.75,138.72
2011-01-03,17.61,138.0
2011-01-04,17.38,134.75
2011-01-05,17.02,134.37
2011-01-06,17.4,133.83
2011-01-07,17.14,133.58
2011-01-10,17.54,134.12
2011-01-11,16.89,134.91
2011-01-12,16.24,135.46
2011-01-13,16.39,134.05
2011-01-14,15.46,132.69
2011-01-18,15.87,133.43
2011-01-19,17.31,133.72
2011-01-20,17.99,131.2
2011-01-21,18.47,131.03
2011-01-24,17.65,130.36
2011-01-25,17.59,130.1
2011-01-26,16.64,131.16
2011-01-27,16.15,127.93
2011-01-28,20.04,130.28
2011-01-31,19.53,129.87
2011-02-01,17.63,130.8
2011-02-02,17.3,130.45
2011-02-03,16.69,132.2
2011-02-04,15.93,131.66
2011-02-07,16.28,131.68
2011-02-08,15.81,133.14
2011-02-09,15.87,133.07
2011-02-10,16.09,132.85
2011-02-11,15.69,132.32
2011-02-14,15.95,132.95
2011-02-15,16.37,133.97
2011-02-16,16.72,134.1
2011-02-17,16.59,135.04
2011-02-18,16.43,135.41
2011-02-22,20.8,136.29
2011-02-23,22.13,137.51
2011-02-24,21.32,136.48
2011-02-25,19.22,137.38
2011-02-28,18.35,137.66
2011-03-01,21.01,140.03
2011-03-02,20.7,139.92
2011-03-03,18.6,138.09
2011-03-04,19.06,139.35
2011-03-07,20.66,139.72
2011-03-08,19.82,139.36
2011-03-09,20.22,139.41
2011-03-10,21.88,137.77
2011-03-11,20.08,138.22
2011-03-14,21.13,138.86
2011-03-15,24.32,136.27
2011-03-16,29.4,136.24
2011-03-17,26.37,136.97
2011-03-18,24.44,138.37
2011-03-21,20.61,139.14
2011-03-22,20.21,139.05
2011-03-23,19.17,140.34
2011-03-24,18.0,139.22
2011-03-25,17.91,139.26
2011-03-28,19.44,138.54
2011-03-29,18.16,138.21
2011-03-30,17.71,138.67
2011-03-31,17.74,139.86
2011-04-01,17.4,139.2
2011-04-04,17.5,139.84
2011-04-05,17.25,142.05
2011-04-06,16.9,142.38
2011-04-07,17.11,142.51
2011-04-08,17.87,143.66
2011-04-11,16.59,142.64
2011-04-12,17.09,141.61
2011-04-13,16.92,141.9
2011-04-14,16.27,143.81
2011-04-15,15.32,145.05
2011-04-18,16.96,145.93
2011-04-19,15.83,145.93
2011-04-20,15.07,146.5
2011-04-21,14.69,146.74
2011-04-25,15.77,146.87
2011-04-26,15.62,146.38
2011-04-27,15.35,149.2
2011-04-28,14.62,149.82
2011-04-29,14.75,152.37
2011-05-02,15.99,150.41
2011-05-03,16.7,149.88
2011-05-04,17.08,147.73
2011-05-05,18.2,143.47
2011-05-06,18.4,145.3
2011-05-09,17.16,147.38
2011-05-10,15.91,147.9
2011-05-11,16.95,146.54
2011-05-12,16.03,146.59
2011-05-13,17.07,145.63
2011-05-16,18.24,145.37
2011-05-17,17.55,144.74
2011-05-18,16.23,145.6
2011-05-19,15.52,145.65
2011-05-20,17.43,147.49
2011-05-23,18.27,147.83
2011-05-24,17.82,148.59
2011-05-25,17.07,148.58
2011-05-26,16.09,148.22
2011-05-27,15.98,149.7
2011-05-31,15.45,149.64
2011-06-01,18.3,149.91
2011-06-02,18.09,149.5
2011-06-03,17.95,150.22
2011-06-06,18.49,150.48
2011-06-07,18.07,150.42
2011-06-08,18.79,149.81
2011-06-09,17.77,150.56
2011-06-10,18.86,149.24
2011-06-13,19.61,147.77
2011-06-14,18.26,148.67
2011-06-15,21.32,149.12
2011-06-16,22.73,148.97
2011-06-17,21.85,149.94
2011-06-20,19.99,150.03
2011-06-21,18.86,150.76
2011-06-22,18.52,150.99
2011-06-23,19.29,148.34
2011-06-24,21.1,146.26
2011-06-27,20.56,145.73
2011-06-28,19.17,146.24
2011-06-29,17.27,147.18
2011-06-30,16.52,146.0
2011-07-01,15.87,144.93
2011-07-05,16.06,147.63
2011-07-06,16.34,148.91
2011-07-07,15.95,149.15
2011-07-08,15.95,150.25
2011-07-11,18.39,151.59
2011-07-12,19.87,152.77
2011-07-13,19.91,154.14
2011-07-14,20.8,154.54
2011-07-15,19.53,155.2
2011-07-18,20.95,156.57
2011-07-19,19.21,154.66
2011-07-20,19.09,156.02
2011-07-21,17.56,154.83
2011-07-22,17.52,156.12
2011-07-25,19.35,157.34
2011-07-26,20.23,157.77
2011-07-27,22.98,157.19
2011-07-28,23.74,157.32
2011-07-29,25.25,158.29
2011-08-01,23.66,157.72
2011-08-02,24.79,161.52
2011-08-03,23.38,161.49
2011-08-04,31.66,160.64
2011-08-05,32.0,161.75
2011-08-08,48.0,167.12
2011-08-09,35.06,168.61
2011-08-10,42.99,174.58
2011-08-11,39.0,170.75
2011-08-12,36.36,169.97
2011-08-15,31.87,171.8
2011-08-16,32.85,173.92
2011-08-17,31.58,174.42
2011-08-18,42.67,177.72
2011-08-19,43.05,179.95
2011-08-22,42.44,184.59
2011-08-23,36.27,177.67
2011-08-24,35.9,171.65
2011-08-25,39.76,172.36
2011-08-26,35.59,177.47
2011-08-29,32.28,173.89
2011-08-30,32.89,179.1
2011-08-31,31.62,177.72
2011-09-01,31.82,177.87
2011-09-02,33.92,183.24
2011-09-06,37.0,182.9
2011-09-07,33.38,177.08
2011-09-08,34.32,181.81
2011-09-09,38.52,180.7
2011-09-12,38.59,176.67
2011-09-13,36.91,178.54
2011-09-14,34.6,177.21
2011-09-15,31.97,174.4
2011-09-16,30.98,176.03
2011-09-19,32.73,173.31
2011-09-20,32.86,175.78
2011-09-21,37.32,173.59
2011-09-22,41.35,169.05
2011-09-23,41.25,159.8
2011-09-26,39.02,157.58
2011-09-27,37.71,160.63
2011-09-28,41.08,156.22
2011-09-29,38.84,157.7
2011-09-30,42.96,158.06
2011-10-03,45.45,160.96
2011-10-04,40.82,157.64
2011-10-05,37.81,159.46
2011-10-06,36.27,160.49
2011-10-07,36.2,159.18
2011-10-10,33.02,163.27
2011-10-11,32.86,162.1
2011-10-12,31.26,163.26
2011-10-13,30.7,162.3
2011-10-14,28.24,163.4
2011-10-17,33.39,162.62
2011-10-18,31.56,161.84
2011-10-19,34.44,159.87
2011-10-20,34.78,157.77
2011-10-21,31.32,159.52
2011-10-24,29.26,161.02
2011-10-25,32.22,165.59
2011-10-26,29.86,167.4
2011-10-27,25.46,169.94
2011-10-28,24.53,169.62
2011-10-31,29.96,167.34
2011-11-01,34.77,167.38
2011-11-02,32.74,169.06
2011-11-03,30.5,171.72
2011-11-04,30.16,170.85
2011-11-07,29.85,174.98
2011-11-08,27.48,173.53
2011-11-09,36.16,172.07
2011-11-10,32.81,171.14
2011-11-11,30.04,173.96
2011-11-14,31.13,173.2
2011-11-15,31.22,173.36
2011-11-16,33.51,171.51
2011-11-17,34.51,167.1
2011-11-18,32.0,167.62
2011-11-21,32.91,163.5
2011-11-22,31.97,165.31
2011-11-23,33.98,164.83
2011-11-25,34.47,163.4
2011-11-28,32.13,166.63
2011-11-29,30.64,166.88
2011-11-30,27.8,170.13
2011-12-01,27.41,169.63
2011-12-02,27.52,169.82
2011-12-05,27.84,167.32
2011-12-06,28.13,168.18
2011-12-07,28.67,169.4
2011-12-08,30.59,165.98
2011-12-09,26.38,166.4
2011-12-12,25.67,161.99
2011-12-13,25.41,158.45
2011-12-14,26.04,152.89
2011-12-15,25.11,152.33
2011-12-16,24.29,155.23
2011-12-19,24.92,154.87
2011-12-20,23.22,156.98
2011-12-21,21.43,157.16
2011-12-22,21.16,156.04
2011-12-23,20.73,156.31
2011-12-27,21.91,154.91
2011-12-28,23.52,151.03
2011-12-29,22.65,150.34
2011-12-30,23.4,151.99
2012-01-03,22.97,155.92
2012-01-04,22.22,156.71
2012-01-05,21.48,157.78
2012-01-06,20.63,157.2
2012-01-09,21.07,156.5
2012-01-10,20.69,158.64
2012-01-11,21.05,159.67
2012-01-12,20.47,160.38
2012-01-13,20.91,159.26
2012-01-17,22.2,160.5
2012-01-18,20.89,161.6
2012-01-19,19.87,161.22
2012-01-20,18.28,162.07
2012-01-23,18.67,163.16
2012-01-24,18.91,162.01
2012-01-25,18.31,166.42
2012-01-26,18.57,167.27
2012-01-27,18.53,168.97
2012-01-30,19.4,168.03
2012-01-31,19.44,169.31
2012-02-01,18.55,169.56
2012-02-02,17.98,171.05
2012-02-03,17.1,167.64
2012-02-06,17.76,167.18
2012-02-07,17.65,169.7
2012-02-08,18.16,168.5
2012-02-09,18.63,168.02
2012-02-10,20.79,167.14
2012-02-13,19.04,167.51
2012-02-14,19.54,167.12
2012-02-15,21.14,168.11
2012-02-16,19.22,168.0
2012-02-17,17.78,167.35
2012-02-21,18.19,171.02
2012-02-22,18.19,172.94
2012-02-23,16.8,173.02
2012-02-24,17.31,172.23
2012-02-27,18.19,171.7
2012-02-28,17.96,173.49
2012-02-29,18.43,164.29
2012-03-01,17.26,166.61
2012-03-02,17.29,166.34
2012-03-05,18.05,165.65
2012-03-06,20.87,162.7
2012-03-07,19.07,163.63
2012-03-08,17.95,165.28
2012-03-09,17.11,166.38
2012-03-12,15.64,165.07
2012-03-13,14.8,162.3
2012-03-14,15.31,159.57
2012-03-15,15.42,161.08
2012-03-16,14.47,161.3
2012-03-19,15.04,161.59
2012-03-20,15.58,160.13
2012-03-21,15.13,160.21
2012-03-22,15.57,159.57
2012-03-23,14.82,161.53
2012-03-26,14.26,164.4
2012-03-27,15.59,163.24
2012-03-28,15.47,161.51
2012-03-29,15.48,161.28
2012-03-30,15.5,162.12
2012-04-02,15.64,162.94
2012-04-03,15.66,159.89
2012-04-04,16.44,157.21
2012-04-05,16.7,158.31
2012-04-09,18.81,159.37
2012-04-10,20.39,161.1
2012-04-11,20.02,161.07
2012-04-12,17.2,162.7
2012-04-13,19.55,160.85
2012-04-16,19.55,160.46
2012-04-17,18.46,160.27
2012-04-18,18.64,159.31
2012-04-19,18.36,159.43
2012-04-20,17.44,159.54
2012-04-23,18.97,159.07
2012-04-24,18.1,159.3
2012-04-25,16.82,159.62
2012-04-26,16.24,161.03
2012-04-27,16.32,161.38
2012-04-30,17.15,161.88
2012-05-01,16.6,161.32
2012-05-02,16.88,160.59
2012-05-03,17.56,158.97
2012-05-04,19.16,159.47
2012-05-07,18.94,159.08
2012-05-08,19.05,156.0
2012-05-09,20.08,154.47
2012-05-10,18.83,154.77
2012-05-11,19.89,153.56
2012-05-14,21.87,151.33
2012-05-15,21.97,149.74
2012-05-16,22.27,149.46
2012-05-17,24.49,152.8
2012-05-18,25.1,154.55
2012-05-21,22.01,154.65
2012-05-22,22.48,152.08
2012-05-23,22.33,151.62
2012-05-24,21.54,151.41
2012-05-25,21.76,152.68
2012-05-29,21.03,151.02
2012-05-30,24.14,151.91
2012-05-31,24.06,151.62
2012-06-01,26.66,157.5
2012-06-04,26.12,157.32
2012-06-05,24.68,157.14
2012-06-06,22.16,157.21
2012-06-07,21.72,154.5
2012-06-08,21.23,154.73
2012-06-11,23.56,155.36
2012-06-12,22.09,156.46
2012-06-13,24.27,157.12
2012-06-14,21.68,157.75
2012-06-15,21.11,157.84
2012-06-18,18.32,157.93
2012-06-19,18.38,157.16
2012-06-20,17.24,155.97
2012-06-21,20.08,152.01
2012-06-22,18.11,152.64
2012-06-25,20.38,153.76
2012-06-26,19.72,152.62
2012-06-27,19.45,152.83
2012-06-28,19.71,151.05
2012-06-29,17.08,155.19
2012-07-02,16.8,155.09
2012-07-03,16.66,157.46
2012-07-05,17.5,155.68
2012-07-06,17.1,153.71
2012-07-09,17.98,154.04
2012-07-10,18.72,152.15
2012-07-11,17.95,152.99
2012-07-12,18.33,152.59
2012-07-13,16.74,154.14
2012-07-16,17.11,154.21
2012-07-17,16.48,153.47
2012-07-18,16.16,153.05
2012-07-19,15.45,153.38
2012-07-20,16.27,153.67
2012-07-23,18.62,153.03
2012-07-24,20.47,153.52
2012-07-25,19.34,155.67
2012-07-26,17.53,156.77
2012-07-27,16.7,157.54
2012-07-30,18.03,157.43
2012-07-31,18.93,156.49
2012-08-01,18.96,155.14
2012-08-02,17.57,154.13
2012-08-03,15.64,155.55
2012-08-06,15.95,156.3
2012-08-07,15.99,156.28
2012-08-08,15.32,156.48
2012-08-09,15.28,156.99
2012-08-10,14.74,157.18
2012-08-13,13.7,155.99
2012-08-14,14.85,155.13
2012-08-15,14.63,155.63
2012-08-16,14.29,156.56
2012-08-17,13.45,156.72
2012-08-20,14.02,157.26
2012-08-21,15.02,158.83
2012-08-22,15.11,160.54
2012-08-23,15.96,161.89
2012-08-24,15.18,161.97
2012-08-27,16.35,161.36
2012-08-28,16.49,161.64
2012-08-29,17.06,160.59
2012-08-30,17.83,160.52
2012-08-31,17.47,164.22
2012-09-04,17.98,164.48
2012-09-05,17.74,164.31
2012-09-06,15.6,164.89
2012-09-07,14.38,168.44
2012-09-10,16.28,167.29
2012-09-11,16.41,167.9
2012-09-12,15.8,167.92
2012-09-13,14.05,171.31
2012-09-14,14.51,171.8
2012-09-17,14.59,170.4
2012-09-18,14.18,171.72
2012-09-19,13.88,171.74
2012-09-20,14.07,171.47
2012-09-21,13.98,171.96
2012-09-24,14.15,171.05
2012-09-25,15.43,170.77
2012-09-26,16.81,169.81
2012-09-27,14.84,172.34
2012-09-28,15.73,171.89
2012-10-01,16.32,172.3
2012-10-02,15.71,172.1
2012-10-03,15.43,172.41
2012-10-04,14.55,173.61
2012-10-05,14.33,172.62
2012-10-08,15.11,172.05
2012-10-09,16.37,170.99
2012-10-10,16.29,170.84
2012-10-11,15.59,171.32
2012-10-12,16.14,170.06
2012-10-15,15.27,168.35
2012-10-16,15.22,169.42
2012-10-17,15.07,169.54
2012-10-18,15.03,168.79
2012-10-19,17.06,166.97
2012-10-22,16.62,167.58
2012-10-23,18.83,165.43
2012-10-24,18.33,164.86
2012-10-25,18.12,166.02
2012-10-26,17.81,165.93
2012-10-31,18.6,166.83
2012-11-01,16.69,166.07
2012-11-02,17.59,162.6
2012-11-05,18.42,163.23
2012-11-06,17.58,166.3
2012-11-07,19.08,166.49
2012-11-08,18.49,167.99
2012-11-09,18.61,167.82
2012-11-12,16.68,167.45
2012-11-13,16.65,167.1
2012-11-14,17.92,167.14
2012-11-15,17.99,166.09
2012-11-16,16.41,165.88
2012-11-19,15.24,167.87
2012-11-20,15.38,167.39
2012-11-21,15.31,167.56
2012-11-23,15.14,169.61
2012-11-26,15.5,169.43
2012-11-27,15.92,168.71
2012-11-28,15.51,166.55
2012-11-29,15.06,167.18
2012-11-30,15.87,166.05
2012-12-03,16.64,166.13
2012-12-04,17.12,164.42
2012-12-05,16.46,164.12
2012-12-06,16.58,164.5
2012-12-07,15.9,165.16
2012-12-10,16.05,165.8
2012-12-11,15.57,165.65
2012-12-12,15.95,165.77
2012-12-13,16.56,164.37
2012-12-14,17.0,164.13
2012-12-17,16.34,164.44
2012-12-18,15.57,162.08
2012-12-19,17.36,161.69
2012-12-20,17.67,159.73
2012-12-21,17.84,160.33
2012-12-24,17.84,160.62
2012-12-26,19.48,160.78
2012-12-27,19.47,161.16
2012-12-28,22.72,160.54
2012-12-31,18.02,162.02
2013-01-02,14.68,163.17
2013-01-03,14.56,161.2
2013-01-04,13.83,160.44
2013-01-07,13.79,159.43
2013-01-08,13.62,160.56
2013-01-09,13.81,160.49
2013-01-10,13.49,161.98
2013-01-11,13.36,161.06
2013-01-14,13.52,161.54
2013-01-15,13.55,162.56
2013-01-16,13.42,162.65
2013-01-17,13.57,163.35
2013-01-18,12.46,163.09
2013-01-22,12.43,163.67
2013-01-23,12.46,163.21
2013-01-24,12.69,161.42
2013-01-25,12.89,160.65
2013-01-28,13.57,160.29
2013-01-29,13.31,160.99
2013-01-30,14.32,162.19
2013-01-31,14.28,161.2
2013-02-01,12.9,161.45
2013-02-04,14.67,162.0
2013-02-05,13.72,161.96
2013-02-06,13.41,162.39
2013-02-07,13.5,161.84
2013-02-08,13.02,161.57
2013-02-11,12.94,159.7
2013-02-12,12.64,159.89
2013-02-13,12.98,159.05
2013-02-14,12.66,158.35
2013-02-15,12.46,155.76
2013-02-19,12.31,155.33
2013-02-20,14.68,151.44
2013-02-21,15.22,152.62
2013-02-22,14.17,152.97
2013-02-25,18.99,154.34
2013-02-26,16.87,156.22
2013-02-27,14.73,154.57
2013-02-28,15.51,153.0
2013-03-01,15.36,152.44
2013-03-04,14.01,152.3
2013-03-05,13.48,152.38
2013-03-06,13.53,153.23
2013-03-07,13.06,152.69
2013-03-08,12.59,152.71
2013-03-11,11.56,152.99
2013-03-12,12.27,154.19
2013-03-13,11.83,153.66
2013-03-14,11.3,153.68
2013-03-15,11.3,154.0
2013-03-18,13.36,155.38
2013-03-19,14.39,156.08
2013-03-20,12.67,155.37
2013-03-21,13.99,156.25
2013-03-22,13.57,155.55
2013-03-25,13.74,155.24
2013-03-26,12.77,154.72
2013-03-27,13.15,155.36
2013-03-28,12.7,154.47
2013-04-01,13.58,154.67
2013-04-02,12.78,152.43
2013-04-03,14.21,150.73
2013-04-04,13.89,150.29
2013-04-05,13.92,152.81
2013-04-08,13.19,152.16
2013-04-09,12.84,153.34
2013-04-10,12.36,150.75
2013-04-11,12.24,151.05
2013-04-12,12.06,143.95
2013-04-15,17.27,131.31
2013-04-16,13.96,132.8
2013-04-17,16.51,132.87
2013-04-18,17.56,134.3
2013-04-19,14.97,135.47
2013-04-22,14.39,137.9
2013-04-23,13.48,136.88
2013-04-24,13.61,138.37
2013-04-25,13.62,141.63
2013-04-26,13.61,140.91
2013-04-29,13.71,142.3
2013-04-30,13.52,142.77
2013-05-01,14.49,141.11
2013-05-02,13.59,141.92
2013-05-03,12.85,142.09
2013-05-06,12.66,142.15
2013-05-07,12.83,140.38
2013-05-08,12.66,142.46
2013-05-09,13.13,140.81
2013-05-10,12.59,139.6
2013-05-13,12.55,138.43
2013-05-14,12.77,137.81
2013-05-15,12.81,134.63
2013-05-16,13.07,134.09
2013-05-17,12.45,131.07
2013-05-20,13.02,135.12
2013-05-21,13.37,132.88
2013-05-22,13.82,131.94
2013-05-23,14.07,134.61
2013-05-24,13.99,133.76
2013-05-28,14.48,133.49
2013-05-29,14.83,134.83
2013-05-30,14.53,136.7
2013-05-31,16.3,133.92
2013-06-03,16.28,136.51
2013-06-04,16.27,135.23
2013-06-05,17.5,135.52
2013-06-06,16.63,136.53
2013-06-07,15.14,133.28
2013-06-10,15.44,133.94
2013-06-11,17.07,133.25
2013-06-12,18.59,134.25
2013-06-13,16.41,133.74
2013-06-14,17.15,134.43
2013-06-17,16.8,133.77
2013-06-18,16.61,132.13
2013-06-19,16.64,130.59
2013-06-20,20.49,123.6
2013-06-21,18.9,125.05
2013-06-24,20.11,123.93
2013-06-25,18.47,123.47
2013-06-26,17.21,118.28
2013-06-27,16.86,115.94
2013-06-28,16.86,119.11
2013-07-01,16.37,121.13
2013-07-02,16.44,120.05
2013-07-03,16.2,120.74
2013-07-05,14.89,118.09
2013-07-08,14.78,119.51
2013-07-09,14.35,120.62
2013-07-10,14.21,120.95
2013-07-11,14.01,124.24
2013-07-12,13.84,124.13
2013-07-15,13.79,124.18
2013-07-16,14.42,124.89
2013-07-17,13.78,123.32
2013-07-18,13.77,124.01
2013-07-19,12.54,125.11
2013-07-22,12.29,128.84
2013-07-23,12.66,129.71
2013-07-24,13.18,127.48
2013-07-25,12.97,128.67
2013-07-26,12.72,128.78
2013-07-29,13.39,128.47
2013-07-30,13.39,128.12
2013-07-31,13.45,127.96
2013-08-01,12.94,126.61
2013-08-02,11.98,126.36
2013-08-05,11.84,125.7
2013-08-06,12.72,123.97
2013-08-07,12.98,124.15
2013-08-08,12.73,126.86
2013-08-09,13.41,126.86
2013-08-12,12.81,129.13
2013-08-13,12.31,127.74
2013-08-14,13.04,129.0
2013-08-15,14.73,131.69
2013-08-16,14.37,132.58
2013-08-19,15.1,132.01
2013-08-20,14.91,132.45
2013-08-21,15.94,132.07
2013-08-22,14.76,132.81
2013-08-23,13.98,134.9
2013-08-26,14.99,135.45
2013-08-27,16.77,136.75
2013-08-28,16.49,136.71
2013-08-29,16.81,135.87
2013-08-30,17.01,134.62
2013-09-03,16.61,136.42
2013-09-04,15.88,134.66
2013-09-05,15.77,132.2
2013-09-06,15.85,134.15
2013-09-09,15.63,133.91
2013-09-10,14.53,131.74
2013-09-11,13.82,131.7
2013-09-12,14.29,127.67
2013-09-13,14.16,127.82
2013-09-16,14.38,126.45
2013-09-17,14.53,126.5
2013-09-18,13.59,132.01
2013-09-19,13.16,131.75
2013-09-20,13.12,127.96
2013-09-23,14.31,127.55
2013-09-24,14.08,127.66
2013-09-25,14.01,128.79
2013-09-26,14.06,127.79
2013-09-27,15.46,128.97
2013-09-30,16.6,128.18
2013-10-01,15.54,124.59
2013-10-02,16.6,127.06
2013-10-03,17.67,127.18
2013-10-04,16.74,126.53
2013-10-07,19.41,127.64
2013-10-08,20.34,127.4
2013-10-09,19.6,126.11
2013-10-10,16.48,124.27
2013-10-11,15.72,122.6
2013-10-14,16.07,122.83
2013-10-15,18.66,123.73
2013-10-16,14.71,123.54
2013-10-17,13.48,127.42
2013-10-18,13.04,126.85
2013-10-21,13.16,126.98
2013-10-22,13.33,129.34
2013-10-23,13.42,128.69
2013-10-24,13.2,129.9
2013-10-25,13.09,130.46
2013-10-28,13.31,130.56
2013-10-29,13.41,129.77
2013-10-30,13.65,129.6
2013-10-31,13.75,127.74
2013-11-01,13.28,126.95
2013-11-04,12.93,126.81
2013-11-05,13.27,126.56
2013-11-06,12.67,127.2
2013-11-07,13.91,126.16
2013-11-08,12.9,124.28
2013-11-11,12.53,123.87
2013-11-12,12.82,122.45
2013-11-13,12.52,122.85
2013-11-14,12.37,124.27
2013-11-15,12.19,124.32
2013-11-18,13.1,122.9
2013-11-19,13.39,122.95
2013-11-20,13.4,120.12
2013-11-21,12.66,119.94
2013-11-22,12.26,119.92
2013-11-25,12.79,120.46
2013-11-26,12.81,119.82
2013-11-27,12.98,119.46
2013-11-29,13.7,120.7
2013-12-02,14.23,117.58
2013-12-03,14.55,117.96
2013-12-04,14.7,119.96
2013-12-05,15.08,118.3
2013-12-06,13.79,118.55
2013-12-09,13.49,119.72
2013-12-10,13.91,121.82
2013-12-11,15.42,120.86
2013-12-12,15.54,118.29
2013-12-13,15.76,119.38
2013-12-16,16.03,119.69
2013-12-17,16.21,118.65
2013-12-18,13.8,117.61
2013-12-19,14.15,114.82
2013-12-20,13.79,115.94
2013-12-23,13.04,115.57
2013-12-24,12.48,116.1
2013-12-26,12.33,116.74
2013-12-27,12.46,117.12
2013-12-30,13.56,115.39
2013-12-31,13.72,116.12
2014-01-02,14.23,118.0
2014-01-03,13.76,119.29
2014-01-06,13.55,119.5
2014-01-07,12.92,118.82
2014-01-08,12.87,118.12
2014-01-09,12.89,118.46
2014-01-10,12.14,120.26
2014-01-13,13.28,121.02
2014-01-14,12.28,119.89
2014-01-15,12.28,119.66
2014-01-16,12.53,119.79
2014-01-17,12.44,120.93
2014-01-21,12.87,119.7
2014-01-22,12.84,119.19
2014-01-23,13.77,121.79
2014-01-24,18.14,122.29
2014-01-27,17.42,120.96
2014-01-28,15.8,120.95
2014-01-29,17.35,122.47
2014-01-30,17.29,119.77
2014-01-31,18.41,120.09
2014-02-03,21.44,121.32
2014-02-04,19.11,120.99
2014-02-05,19.95,121.29
2014-02-06,17.23,121.24
2014-02-07,15.29,122.17
2014-02-10,15.26,122.92
2014-02-11,14.51,124.36
2014-02-12,14.3,124.43
2014-02-13,14.14,125.49
2014-02-14,13.57,127.15
2014-02-18,13.87,127.4
2014-02-20,14.79,127.6
2014-02-21,14.68,127.58
2014-02-24,14.23,128.99
2014-02-25,13.67,129.21
2014-02-26,14.35,128.11
2014-02-27,14.04,128.2
2014-02-28,14.0,127.62
2014-03-03,16.0,130.29
2014-03-04,14.1,128.68
2014-03-05,13.89,128.89
2014-03-06,14.21,130.17
2014-03-07,14.11,129.09
2014-03-10,14.2,129.13
2014-03-11,14.8,129.86
2014-03-12,14.47,131.76
2014-03-13,16.22,132.21
2014-03-14,17.82,133.1
2014-03-17,15.64,131.64
2014-03-18,14.52,130.62
2014-03-19,15.12,128.09
2014-03-20,14.52,127.86
2014-03-21,15.0,128.47
2014-03-24,15.09,126.18
2014-03-25,14.02,126.41
2014-03-26,14.93,125.41
2014-03-27,14.62,124.59
2014-03-28,14.41,124.56
2014-03-31,13.88,123.61
2014-04-01,13.1,123.39
2014-04-02,13.09,124.32
2014-04-03,13.37,123.92
2014-04-04,13.96,125.57
2014-04-07,15.57,124.91
2014-04-08,14.89,126.09
2014-04-09,13.82,126.32
2014-04-10,15.89,127.01
2014-04-11,17.03,126.93
2014-04-14,16.11,127.85
2014-04-15,15.61,125.49
2014-04-16,14.18,125.54
2014-04-17,13.36,124.75
2014-04-21,13.25,124.24
2014-04-22,13.19,123.78
2014-04-23,13.27,123.76
2014-04-24,13.32,124.56
2014-04-25,14.06,125.43
2014-04-28,13.97,124.88
2014-04-29,13.71,124.86
2014-04-30,13.41,124.22
2014-05-01,13.25,123.8
2014-05-02,12.91,125.06
2014-05-05,13.29,126.22
2014-05-06,13.8,125.98
2014-05-07,13.4,124.17
2014-05-08,13.43,124.17
2014-05-09,12.92,124.1
2014-05-12,12.23,124.94
2014-05-13,12.13,124.6
2014-05-14,12.17,125.81
2014-05-15,13.17,124.77
2014-05-16,12.44,124.5
2014-05-19,12.42,124.58
2014-05-20,12.96,124.69
2014-05-21,11.91,124.39
2014-05-22,12.03,124.67
2014-05-23,11.36,124.51
2014-05-27,11.51,121.85
2014-05-28,11.68,121.2
2014-05-29,11.57,120.94
2014-05-30,11.4,120.43
2014-06-02,11.58,119.7
2014-06-03,11.87,120.01
2014-06-04,12.08,119.76
2014-06-05,11.68,120.66
2014-06-06,10.73,120.61
2014-06-09,11.15,120.65
2014-06-10,10.99,121.39
2014-06-11,11.6,121.41
2014-06-12,12.56,122.64
2014-06-13,12.18,122.96
2014-06-16,12.65,122.42
2014-06-17,12.06,122.28
2014-06-18,10.61,122.67
2014-06-19,10.62,126.94
2014-06-20,10.85,126.5
2014-06-23,10.98,126.85
2014-06-24,12.13,126.98
2014-06-25,11.59,126.99
2014-06-26,11.63,126.73
2014-06-27,11.26,126.66
2014-06-30,11.57,128.04
2014-07-01,11.15,127.7
2014-07-02,10.82,127.7
2014-07-03,10.32,127.16
2014-07-07,11.33,127.02
2014-07-08,11.98,127.07
2014-07-09,11.65,127.84
2014-07-10,12.59,128.54
2014-07-11,12.08,128.78
2014-07-14,11.82,125.72
2014-07-15,11.96,124.53
2014-07-16,11.0,124.97
2014-07-17,14.54,127.09
2014-07-18,12.06,126.13
2014-07-21,12.81,126.34
2014-07-22,12.24,125.74
2014-07-23,11.52,125.62
2014-07-24,11.84,124.35
2014-07-25,12.69,125.79
2014-07-28,12.56,125.58
2014-07-29,13.28,125.2
2014-07-30,13.33,124.83
2014-07-31,16.95,123.39
2014-08-01,17.03,124.38
2014-08-04,15.12,123.99
2014-08-05,16.87,123.87
2014-08-06,16.37,125.67
2014-08-07,16.66,126.18
2014-08-08,15.77,126.19
2014-08-11,14.23,125.96
2014-08-12,14.13,125.99
2014-08-13,12.9,126.2
2014-08-14,12.42,126.31
2014-08-15,13.15,125.48
2014-08-18,12.32,124.96
2014-08-19,12.21,124.68
2014-08-20,11.78,124.22
2014-08-21,11.76,122.88
2014-08-22,11.47,123.19
2014-08-25,11.7,122.74
2014-08-26,11.63,123.35
2014-08-27,11.78,123.32
2014-08-28,12.05,124.0
2014-08-29,11.98,123.86
2014-09-02,12.25,121.65
2014-09-03,12.36,122.15
2014-09-04,12.64,121.48
2014-09-05,12.09,122.06
2014-09-08,12.66,120.73
2014-09-09,13.5,120.87
2014-09-10,12.88,120.26
2014-09-11,12.8,119.47
2014-09-12,13.31,118.38
2014-09-15,14.12,118.64
2014-09-16,12.73,118.83
2014-09-17,12.65,117.54
2014-09-18,12.03,117.78
2014-09-19,12.11,117.09
2014-09-22,13.69,116.85
2014-09-23,14.93,117.6
2014-09-24,13.27,117.05
2014-09-25,15.64,117.39
2014-09-26,14.85,117.06
2014-09-29,15.98,117.03
2014-09-30,16.31,116.21
2014-10-01,16.71,116.77
2014-10-02,16.16,116.74
2014-10-03,14.55,114.61
2014-10-06,15.46,116.03
2014-10-07,17.2,116.36
2014-10-08,15.11,117.47
2014-10-09,18.76,117.64
2014-10-10,21.24,117.59
2014-10-13,24.64,118.52
2014-10-14,22.79,118.59
2014-10-15,26.25,118.99
2014-10-16,25.2,119.22
2014-10-17,21.99,118.99
2014-10-20,18.57,119.8
2014-10-21,16.08,120.02
2014-10-22,17.87,119.34
2014-10-23,16.53,118.52
2014-10-24,16.11,118.35
2014-10-27,16.04,118.06
2014-10-28,14.39,118.1
2014-10-29,15.15,116.41
2014-10-30,14.52,115.19
2014-10-31,14.03,112.66
2014-11-03,14.73,112.15
2014-11-04,14.89,112.22
2014-11-05,14.17,109.79
2014-11-06,13.67,109.88
2014-11-07,13.12,112.97
2014-11-10,12.67,110.46
2014-11-11,12.92,112.04
2014-11-12,13.02,111.5
2014-11-13,13.79,111.67
2014-11-14,13.31,114.47
2014-11-17,13.99,114.05
2014-11-18,13.86,115.05
2014-11-19,13.96,113.68
2014-11-20,13.58,114.86
2014-11-21,12.9,115.39
2014-11-24,12.62,115.11
2014-11-25,12.25,115.38
2014-11-26,12.07,115.16
2014-11-28,13.33,112.11
2014-12-01,14.29,116.58
2014-12-02,12.85,115.14
2014-12-03,12.47,116.33
2014-12-04,12.38,115.88
2014-12-05,11.82,114.43
2014-12-08,14.21,115.78
2014-12-09,14.89,118.19
2014-12-10,18.53,117.96
2014-12-11,20.08,117.69
2014-12-12,21.08,117.41
2014-12-15,20.42,114.39
2014-12-16,23.57,114.95
2014-12-17,19.44,114.27
2014-12-18,16.81,115.15
2014-12-19,16.49,114.77
2014-12-22,15.25,112.55
2014-12-23,14.8,112.74
2014-12-24,14.37,112.77
2014-12-26,14.5,114.83
2014-12-29,15.06,113.67
2014-12-30,15.92,115.2
2014-12-31,19.2,113.58
2015-01-02,17.79,114.08
2015-01-05,19.92,115.8
2015-01-06,21.12,117.12
2015-01-07,19.31,116.43
2015-01-08,17.01,115.94
2015-01-09,17.55,117.26
2015-01-12,19.6,118.56
2015-01-13,20.56,118.16
2015-01-14,20.56,117.97
2015-01-15,22.39,120.94
2015-01-16,20.95,122.52
2015-01-20,19.89,124.2
2015-01-21,18.85,124.23
2015-01-22,16.4,125.23
2015-01-23,16.66,124.23
2015-01-26,15.52,122.99
2015-01-27,17.22,124.4
2015-01-28,20.44,123.42
2015-01-29,18.76,120.76
2015-01-30,20.97,123.45
2015-02-02,19.43,122.42
2015-02-03,17.33,121.05
2015-02-04,18.33,121.58
2015-02-05,16.85,121.79
2015-02-06,17.29,118.64
2015-02-09,18.55,119.17
2015-02-10,17.23,118.47
2015-02-11,16.96,117.07
2015-02-12,15.34,117.34
2015-02-13,14.69,117.98
2015-02-17,15.8,116.01
2015-02-18,15.45,116.34
2015-02-19,15.29,115.94
2015-02-20,14.3,115.28
2015-02-23,14.56,115.43
2015-02-24,13.69,115.26
2015-02-25,13.84,115.7
2015-02-26,13.91,116.07
2015-02-27,13.34,116.16
2015-03-02,13.04,115.68
2015-03-03,13.86,115.47
2015-03-04,14.23,115.11
2015-03-05,14.04,115.0
2015-03-06,15.2,111.86
2015-03-09,15.06,111.97
2015-03-10,16.69,111.42
2015-03-11,16.87,110.75
2015-03-12,15.42,110.72
2015-03-13,16.0,110.88
2015-03-16,15.61,110.81
2015-03-17,15.66,110.21
2015-03-18,13.97,112.37
2015-03-19,14.07,112.29
2015-03-20,13.02,113.57
2015-03-23,13.41,114.29
2015-03-24,13.62,114.57
2015-03-25,15.44,114.73
2015-03-26,15.8,115.48
2015-03-27,15.07,115.06
2015-03-30,14.51,113.75
2015-03-31,15.29,113.66
2015-04-01,15.11,115.6
2015-04-02,14.67,115.28
2015-04-06,14.74,116.69
2015-04-07,14.78,116.11
2015-04-08,13.98,115.47
2015-04-09,13.09,114.67
2015-04-10,12.58,115.97
2015-04-13,13.94,115.14
2015-04-14,13.67,114.44
2015-04-15,12.84,115.43
2015-04-16,12.6,115.03
2015-04-17,13.89,115.6
2015-04-20,13.3,114.72
2015-04-21,13.25,115.38
2015-04-22,12.71,113.83
2015-04-23,12.48,114.66
2015-04-24,12.29,113.05
2015-04-27,13.12,115.33
2015-04-28,12.41,116.33
2015-04-29,13.39,115.51
2015-04-30,14.55,113.47
2015-05-01,12.7,113.08
2015-05-04,12.85,114.1
2015-05-05,14.31,114.42
2015-05-06,15.15,114.36
2015-05-07,15.13,113.42
2015-05-08,12.86,113.97
2015-05-11,13.85,113.53
2015-05-12,13.86,114.5
2015-05-13,13.76,116.55
2015-05-14,12.74,117.18
2015-05-15,12.38,117.53
2015-05-18,12.73,117.52
2015-05-19,12.85,115.89
2015-05-20,12.88,116.08
2015-05-21,12.11,115.69
2015-05-22,12.13,115.6
2015-05-26,14.06,113.91
2015-05-27,13.27,113.89
2015-05-28,13.31,114.02
2015-05-29,13.84,114.1
2015-06-01,13.97,114.0
2015-06-02,14.24,114.46
2015-06-03,13.66,113.64
2015-06-04,14.71,112.84
2015-06-05,14.21,112.24
2015-06-08,15.29,112.57
2015-06-09,14.47,112.82
2015-06-10,13.22,113.78
2015-06-11,12.85,113.26
2015-06-12,13.78,113.23
2015-06-15,15.39,113.73
2015-06-16,14.81,113.32
2015-06-17,14.5,113.85
2015-06-18,13.19,115.32
2015-06-19,13.96,115.12
2015-06-22,12.74,113.64
2015-06-23,12.11,112.89
2015-06-24,13.26,112.59
2015-06-25,14.01,112.44
2015-06-26,14.02,112.56
2015-06-29,18.85,113.07
2015-06-30,18.23,112.37
2015-07-01,16.09,111.98
2015-07-02,16.79,111.76
2015-07-06,17.01,112.06
2015-07-07,16.09,110.76
2015-07-08,19.66,111.09
2015-07-09,19.97,111.36
2015-07-10,16.83,111.49
2015-07-13,13.9,110.99
2015-07-14,13.37,110.74
2015-07-15,13.23,110.16
2015-07-16,12.11,109.76
2015-07-17,11.95,108.65
2015-07-20,12.25,105.7
2015-07-21,12.22,105.37
2015-07-22,12.12,104.8
2015-07-23,12.64,104.33
2015-07-24,13.74,105.35
2015-07-27,15.6,104.86
2015-07-28,13.44,105.02
2015-07-29,12.5,105.17
2015-07-30,12.13,104.27
2015-07-31,12.12,104.93
2015-08-03,12.56,104.1
2015-08-04,13.0,104.31
2015-08-05,12.51,103.93
2015-08-06,13.77,104.39
2015-08-07,13.39,104.65
2015-08-10,12.23,105.72
2015-08-11,13.71,106.26
2015-08-12,13.61,107.75
2015-08-13,13.49,106.86
2015-08-14,12.83,106.85
2015-08-17,13.02,107.13
2015-08-18,13.79,107.11
2015-08-19,15.25,108.55
2015-08-20,19.14,110.44
2015-08-21,28.03,111.13
2015-08-24,40.74,110.53
2015-08-25,36.02,109.16
2015-08-26,30.32,107.67
2015-08-27,26.1,107.73
2015-08-28,26.05,108.7
2015-08-31,28.43,108.82
2015-09-01,31.4,109.2
2015-09-02,26.09,108.62
2015-09-03,25.61,107.84
2015-09-04,25.61,107.49
2015-09-08,24.9,107.52
2015-09-09,26.23,106.13
2015-09-10,24.37,106.38
2015-09-11,23.2,106.16
2015-09-14,24.25,106.22
2015-09-15,22.54,105.9
2015-09-16,21.35,107.31
2015-09-17,21.14,108.41
2015-09-18,22.28,109.21
2015-09-21,20.14,108.53
2015-09-22,22.44,107.79
2015-09-23,22.13,108.22
2015-09-24,23.47,110.49
2015-09-25,23.62,109.81
2015-09-28,27.63,108.42
2015-09-29,26.83,107.98
2015-09-30,24.5,106.86
2015-10-01,22.55,106.73
2015-10-02,20.94,108.99
2015-10-05,19.54,108.77
2015-10-06,19.4,109.86
2015-10-07,18.4,109.7
2015-10-08,17.42,109.14
2015-10-09,17.08,110.87
2015-10-12,16.17,111.31
2015-10-13,17.67,111.86
2015-10-14,18.03,113.81
2015-10-15,16.05,113.29
2015-10-16,15.05,112.49
2015-10-19,14.98,112.02
2015-10-20,15.75,112.73
2015-10-21,16.7,111.73
2015-10-22,14.45,111.69
2015-10-23,14.46,111.5
2015-10-26,15.29,111.43
2015-10-27,15.43,111.68
2015-10-28,14.33,110.78
2015-10-29,14.61,109.72
2015-10-30,15.07,109.3
2015-11-02,14.15,108.59
2015-11-03,14.54,106.98
2015-11-04,15.51,105.97
2015-11-05,15.05,105.64
2015-11-06,14.33,104.1
2015-11-09,16.52,104.4
2015-11-10,15.29,104.18
2015-11-11,16.06,103.83
2015-11-12,18.37,103.85
2015-11-13,18.37,103.56
2015-11-16,18.16,103.71
2015-11-17,18.84,102.34
2015-11-18,16.85,102.43
2015-11-19,16.99,103.56
2015-11-20,15.47,103.09
2015-11-23,15.62,102.26
2015-11-24,15.93,102.94
2015-11-25,15.19,102.46
2015-11-27,15.12,101.25
2015-11-30,16.13,101.92
2015-12-01,14.67,102.28
2015-12-02,15.91,100.69
2015-12-03,18.11,101.76
2015-12-04,14.81,104.02
2015-12-07,15.84,102.67
2015-12-08,17.6,102.84
2015-12-09,19.61,102.64
2015-12-10,19.34,102.55
2015-12-11,24.39,103.11
2015-12-14,22.73,101.79
2015-12-15,20.95,101.52
2015-12-16,17.86,102.75
2015-12-17,18.94,100.5
2015-12-18,20.7,102.04
2015-12-21,18.7,103.15
2015-12-22,16.6,102.61
2015-12-23,15.57,102.31
2015-12-24,15.74,103.05
2015-12-28,16.91,102.27
2015-12-29,16.08,102.2
2015-12-30,17.29,101.42
2015-12-31,18.21,101.46
2016-01-04,20.7,102.89
2016-01-05,19.34,103.18
2016-01-06,20.59,104.67
2016-01-07,24.99,106.15
2016-01-08,27.01,105.68
2016-01-11,24.3,104.74
2016-01-12,22.47,104.21
2016-01-13,25.22,104.72
2016-01-14,23.95,103.02
2016-01-15,27.02,104.08
2016-01-19,26.05,103.98
2016-01-20,27.59,105.37
2016-01-21,26.69,105.49
2016-01-22,22.34,105.0
2016-01-25,24.15,106.08
2016-01-26,22.5,107.29
2016-01-27,23.11,107.69
2016-01-28,22.42,106.54
2016-01-29,20.2,106.95
2016-02-01,19.98,108.05
2016-02-02,21.98,108.09
2016-02-03,21.65,109.25
2016-02-04,21.84,110.57
2016-02-05,23.38,112.32
2016-02-08,26.0,113.83
2016-02-09,26.54,113.58
2016-02-10,26.29,114.46
2016-02-11,28.14,119.06
2016-02-12,25.4,118.36
2016-02-16,24.11,114.77
2016-02-17,22.31,115.48
2016-02-18,21.64,118.29
2016-02-19,20.53,117.58
2016-02-22,19.38,115.49
2016-02-23,20.98,117.22
2016-02-24,20.72,117.61
2016-02-25,19.11,117.92
2016-02-26,19.81,117.11
2016-02-29,20.55,118.64
2016-03-01,17.7,117.77
2016-03-02,17.09,118.68
2016-03-03,16.7,120.73
2016-03-04,16.86,120.54
2016-03-07,17.35,121.14
2016-03-08,18.67,120.58
2016-03-09,18.34,119.58
2016-03-10,18.05,121.5
2016-03-11,16.5,119.41
2016-03-14,16.92,117.87
2016-03-15,16.92,117.96
2016-03-16,14.99,120.59
2016-03-17,14.44,120.13
2016-03-18,14.02,119.8
2016-03-21,13.79,118.96
2016-03-22,14.17,119.31
2016-03-23,14.94,116.61
2016-03-24,14.74,116.33
2016-03-28,15.24,116.6
2016-03-29,13.82,118.76
2016-03-30,13.56,117.1
2016-03-31,13.95,117.64
2016-04-01,13.1,116.93
2016-04-04,14.12,116.15
2016-04-05,15.42,117.66
2016-04-06,14.09,116.94
2016-04-07,16.16,118.61
2016-04-08,15.36,118.43
2016-04-11,16.26,120.03
2016-04-12,14.85,120.05
2016-04-13,13.84,118.77
2016-04-14,13.72,117.11
2016-04-15,13.62,117.92
2016-04-18,13.35,117.74
2016-04-19,13.24,119.58
2016-04-20,13.28,118.97
2016-04-21,13.95,119.42
2016-04-22,13.22,117.89
2016-04-25,14.08,118.23
2016-04-26,13.96,118.7
2016-04-27,13.77,119.04
2016-04-28,15.22,121.29
2016-04-29,15.7,123.65
2016-05-02,14.68,123.24
2016-05-03,15.6,122.96
2016-05-04,16.05,122.21
2016-05-05,15.91,122.07
2016-05-06,14.72,123.18
2016-05-09,14.57,120.65
2016-05-10,13.63,120.98
2016-05-11,14.69,122.12
2016-05-12,14.41,121.16
2016-05-13,15.04,121.71
2016-05-16,14.68,121.8
2016-05-17,15.57,122.22
2016-05-18,15.95,120.1
2016-05-19,16.33,119.87
2016-05-20,15.2,119.71
2016-05-23,15.82,119.37
2016-05-24,14.42,117.3
2016-05-25,13.9,116.98
2016-05-26,13.43,116.58
2016-05-27,13.12,115.62
2016-05-31,14.19,116.06
2016-06-01,14.2,115.94
2016-06-02,13.63,115.67
2016-06-03,13.47,118.88
2016-06-06,13.65,118.92
2016-06-07,14.05,118.82
2016-06-08,14.08,120.58
2016-06-09,14.64,121.25
2016-06-10,17.03,121.74
2016-06-13,20.97,122.64
2016-06-14,20.5,122.77
2016-06-15,20.14,123.68
2016-06-16,19.37,122.38
2016-06-17,19.41,123.95
2016-06-20,18.37,123.21
2016-06-21,18.48,120.84
2016-06-22,21.17,120.9
2016-06-23,17.25,120.11
2016-06-24,25.76,126.01
2016-06-27,23.85,126.68
2016-06-28,18.75,125.32
2016-06-29,16.64,125.84
2016-06-30,15.63,126.47
2016-07-01,14.77,128.41
2016-07-05,15.58,129.47
2016-07-06,14.96,130.23
2016-07-07,14.76,129.74
2016-07-08,13.2,130.52
2016-07-11,13.54,129.29
2016-07-12,13.55,127.15
2016-07-13,13.04,128.32
2016-07-14,12.82,127.33
2016-07-15,12.67,126.84
2016-07-18,12.44,127.04
2016-07-19,11.97,127.21
2016-07-20,11.77,125.39
2016-07-21,12.74,127.3
2016-07-22,12.02,126.35
2016-07-25,12.87,125.47
2016-07-26,13.05,126.0
2016-07-27,12.83,128.03
2016-07-28,12.72,127.66
2016-07-29,11.87,128.98
2016-08-01,12.44,129.22
2016-08-02,13.37,130.27
2016-08-03,12.86,129.65
2016-08-04,12.42,129.87
2016-08-05,11.39,127.55
2016-08-08,11.5,127.44
2016-08-09,11.66,127.96
2016-08-10,12.05,128.56
2016-08-11,11.68,127.67
2016-08-12,11.55,127.4
2016-08-15,11.81,127.84
2016-08-16,12.64,128.47
2016-08-17,12.19,128.5
2016-08-18,11.43,129.11
2016-08-19,11.34,127.97
2016-08-22,12.27,127.78
2016-08-23,12.38,127.76
2016-08-24,13.45,126.34
2016-08-25,13.63,126.23
2016-08-26,13.65,126.05
2016-08-29,12.94,126.3
2016-08-30,13.12,125.03
2016-08-31,13.42,124.78
2016-09-01,13.48,125.29
2016-09-02,11.98,126.57
2016-09-06,12.02,128.71
2016-09-07,11.94,128.27
2016-09-08,12.51,127.59
2016-09-09,17.5,126.75
2016-09-12,15.16,126.59
2016-09-13,17.85,125.75
2016-09-14,18.14,126.18
2016-09-15,16.3,125.37
2016-09-16,15.37,125.06
2016-09-19,15.53,125.32
2016-09-20,15.92,125.44
2016-09-21,13.3,127.27
2016-09-22,12.02,127.57
2016-09-23,12.29,127.65
2016-09-26,14.5,127.55
2016-09-27,13.1,126.62
2016-09-28,12.39,126.22
2016-09-29,14.02,126.07
2016-09-30,13.29,125.64
2016-10-03,13.57,125.32
2016-10-04,13.63,120.97
2016-10-05,12.99,120.78
2016-10-06,12.84,119.66
2016-10-07,13.48,119.74
2016-10-10,13.38,120.16
2016-10-11,15.36,119.55
2016-10-12,15.91,119.74
2016-10-13,16.69,120.03
2016-10-14,16.12,119.36
2016-10-17,16.21,119.68
2016-10-18,15.28,120.42
2016-10-19,14.41,121.11
2016-10-20,13.75,120.74
2016-10-21,13.34,120.83
2016-10-24,13.02,120.56
2016-10-25,13.46,121.47
2016-10-26,14.24,120.79
2016-10-27,15.36,121.01
2016-10-28,16.19,121.58
2016-10-31,17.06,121.94
2016-11-01,18.56,122.73
2016-11-02,19.32,123.64
2016-11-03,22.08,124.3
2016-11-04,22.51,124.39
2016-11-07,18.71,122.15
2016-11-08,18.74,121.64
2016-11-09,14.38,121.56
2016-11-10,14.74,119.75
2016-11-11,14.17,117.1
2016-11-14,14.48,116.11
2016-11-15,13.37,117.12
2016-11-16,13.72,116.77
2016-11-17,13.35,116.17
2016-11-18,12.85,115.15
2016-11-21,12.42,115.58
2016-11-22,12.41,115.54
2016-11-23,12.43,113.25
2016-11-25,12.34,112.61
2016-11-28,13.15,113.8
2016-11-29,12.9,113.27
2016-11-30,13.33,111.75
2016-12-01,14.07,111.54
2016-12-02,14.12,112.14
2016-12-05,12.14,111.54
2016-12-06,11.79,111.43
2016-12-07,12.22,111.83
2016-12-08,12.64,111.57
2016-12-09,11.75,110.4
2016-12-12,12.64,110.82
2016-12-13,12.72,110.45
2016-12-14,13.19,108.83
2016-12-15,12.79,107.34
2016-12-16,12.2,108.05
2016-12-19,11.71,108.59
2016-12-20,11.45,107.79
2016-12-21,11.27,107.85
2016-12-22,11.43,107.59
2016-12-23,11.44,107.93
2016-12-27,11.99,108.56
2016-12-28,12.95,108.86
2016-12-29,13.37,110.29
2016-12-30,14.04,109.61
2017-01-03,12.85,110.47
2017-01-04,11.85,110.86
2017-01-05,11.67,112.58
2017-01-06,11.32,111.75
2017-01-09,11.56,112.67
2017-01-10,11.49,113.15
2017-01-11,11.26,113.5
2017-01-12,11.54,113.91
2017-01-13,11.23,114.21
2017-01-17,11.87,115.85
2017-01-18,12.48,114.87
2017-01-19,12.78,114.77
2017-01-20,11.54,115.05
2017-01-23,11.77,115.79
2017-01-24,11.07,115.27
2017-01-25,10.81,114.32
2017-01-26,10.63,113.26
2017-01-27,10.58,113.49
2017-01-30,11.88,113.97
2017-01-31,11.99,115.55
2017-02-01,11.81,115.2
2017-02-02,11.93,115.84
2017-02-03,10.97,116.13
2017-02-06,11.37,117.7
2017-02-07,11.29,117.46
2017-02-08,11.45,118.19
2017-02-09,10.88,117.29
2017-02-10,10.85,117.6
2017-02-13,11.07,116.8
2017-02-14,10.74,116.93
2017-02-15,11.97,117.45
2017-02-16,11.76,118.08
2017-02-17,11.49,117.68
2017-02-21,11.57,117.75
2017-02-22,11.74,117.91
2017-02-23,11.71,118.94
2017-02-24,11.47,119.7
2017-02-27,12.09,119.12
2017-02-28,12.92,119.23
2017-03-01,12.54,119.06
2017-03-02,11.81,117.58
2017-03-03,10.96,117.51
2017-03-06,11.24,116.72
2017-03-07,11.45,115.78
2017-03-08,11.86,115.06
2017-03-09,12.3,114.47
2017-03-10,11.66,114.72
2017-03-13,11.35,114.74
2017-03-14,12.3,114.12
2017-03-15,11.63,116.25
2017-03-16,11.21,116.73
2017-03-17,11.28,116.99
2017-03-20,11.34,117.56
2017-03-21,12.47,118.54
2017-03-22,12.81,118.83
2017-03-23,13.12,118.67
2017-03-24,12.96,118.86
2017-03-27,12.5,119.53
2017-03-28,11.53,119.04
2017-03-29,11.42,119.33
2017-03-30,11.54,118.47
2017-03-31,12.37,118.72
2017-04-03,12.38,119.35
2017-04-04,11.79,119.62
2017-04-05,12.89,119.62
2017-04-06,12.39,119.18
2017-04-07,12.87,119.46
2017-04-10,14.05,119.46
2017-04-11,15.07,121.19
2017-04-12,15.77,122.02
2017-04-13,15.96,122.6
2017-04-17,14.66,122.24
2017-04-18,14.42,122.82
2017-04-19,14.93,121.73
2017-04-20,14.15,121.96
2017-04-21,14.63,122.31
2017-04-24,10.84,121.48
2017-04-25,10.76,120.25
2017-04-26,10.85,120.84
2017-04-27,10.36,120.39
2017-04-28,10.82,120.77
2017-05-01,10.11,119.67
2017-05-02,10.59,119.65
2017-05-03,10.68,117.98
2017-05-04,10.46,116.79
2017-05-05,10.57,117.01
2017-05-08,9.77,116.75
2017-05-09,9.96,116.05
2017-05-10,10.21,116.04
2017-05-11,10.6,116.5
2017-05-12,10.4,116.83
2017-05-15,10.42,117.14
2017-05-16,10.65,117.65
2017-05-17,15.59,119.79
2017-05-18,14.66,118.81
2017-05-19,12.04,119.4
2017-05-22,10.93,119.9
2017-05-23,10.72,119.14
2017-05-24,10.02,119.61
2017-05-25,9.99,119.48
2017-05-26,9.81,120.54
2017-05-30,10.38,120.14
2017-05-31,10.41,120.62
2017-06-01,9.89,120.72
2017-06-02,9.75,121.61
2017-06-05,10.07,121.73
2017-06-06,10.45,123.1
2017-06-07,10.39,122.45
2017-06-08,10.16,121.65
2017-06-09,10.7,120.54
2017-06-12,11.46,120.36
2017-06-13,10.42,120.48
2017-06-14,10.64,119.82
2017-06-15,10.9,119.32
2017-06-16,10.38,119.34
2017-06-19,10.37,118.43
2017-06-20,10.86,118.18
2017-06-21,10.75,118.52
2017-06-22,10.48,118.92
2017-06-23,10.02,119.43
2017-06-26,9.9,118.36
2017-06-27,11.06,118.81
2017-06-28,10.03,118.9
2017-06-29,11.44,118.32
2017-06-30,11.18,118.02
2017-07-03,11.22,116.09
2017-07-05,11.07,116.52
2017-07-06,12.54,116.47
2017-07-07,11.19,115.28
2017-07-10,11.11,115.47
2017-07-11,10.89,115.62
2017-07-12,10.3,116.03
2017-07-13,9.9,115.82
2017-07-14,9.51,116.77
2017-07-17,9.82,117.29
2017-07-18,9.89,118.11
2017-07-19,9.79,118.08
2017-07-20,9.58,118.24
2017-07-21,9.36,119.26
2017-07-24,9.43,119.31
2017-07-25,9.43,118.92
2017-07-26,9.6,119.88
2017-07-27,10.11,119.79
2017-07-28,10.29,120.69
2017-07-31,10.26,120.75
2017-08-01,10.09,120.65
2017-08-02,10.28,120.4
2017-08-03,10.44,120.59
2017-08-04,10.03,119.65
2017-08-07,9.93,119.51
2017-08-08,10.96,119.86
2017-08-09,11.11,121.31
2017-08-10,16.04,122.21
2017-08-11,15.51,122.79
2017-08-14,12.33,121.92
2017-08-15,12.04,120.98
2017-08-16,11.74,121.87
2017-08-17,15.55,122.49
2017-08-18,14.26,122.3
2017-08-21,13.19,122.76
2017-08-22,11.35,122.21
2017-08-23,12.25,122.67
2017-08-24,12.23,122.29
2017-08-25,11.28,122.74
2017-08-28,11.32,124.69
2017-08-29,11.7,124.42
2017-08-30,11.22,124.36
2017-08-31,10.59,125.82
2017-09-01,10.13,126.06
2017-09-05,12.23,127.46
2017-09-06,11.63,126.81
2017-09-07,11.55,128.13
2017-09-08,12.12,127.97
2017-09-11,10.73,126.19
2017-09-12,10.58,126.56
2017-09-13,10.5,125.61
2017-09-14,10.44,126.16
2017-09-15,10.17,125.53
2017-09-18,10.15,124.36
2017-09-19,10.18,124.62
2017-09-20,9.78,123.62
2017-09-21,9.67,122.68
2017-09-22,9.59,123.24
2017-09-25,10.21,124.53
2017-09-26,10.17,123.14
2017-09-27,9.87,121.98
2017-09-28,9.55,122.21
2017-09-29,9.51,121.58
2017-10-02,9.45,120.77
2017-10-03,9.51,120.83
2017-10-04,9.63,121.17
2017-10-05,9.19,120.52
2017-10-06,9.65,121.09
2017-10-09,10.33,122.08
2017-10-10,10.08,122.4
2017-10-11,9.85,122.79
2017-10-12,9.91,122.89
2017-10-13,9.61,123.82
2017-10-16,9.91,122.97
2017-10-17,10.31,122.13
2017-10-18,10.07,121.67
2017-10-19,10.05,122.39
2017-10-20,9.97,121.61
2017-10-23,11.07,121.8
2017-10-24,11.16,121.33
2017-10-25,11.23,121.35
2017-10-26,11.3,120.33
2017-10-27,9.8,120.9
2017-10-30,10.5,121.13
2017-10-31,10.18,120.67
2017-11-01,10.2,121.11
2017-11-02,9.93,121.19
2017-11-03,9.14,120.62
2017-11-06,9.4,121.65
2017-11-07,9.89,121.21
2017-11-08,9.78,121.63
2017-11-09,10.5,122.13
2017-11-10,11.29,121.13
2017-11-13,11.5,121.31
2017-11-14,11.59,121.56
2017-11-15,13.13,121.41
2017-11-16,11.76,121.4
2017-11-17,11.43,122.86
2017-11-20,10.65,121.31
2017-11-21,9.73,121.51
2017-11-22,9.88,122.63
2017-11-24,9.67,122.32
2017-11-27,9.87,122.83
2017-11-28,10.03,122.81
2017-11-29,10.7,122.04
2017-11-30,11.28,121.1
2017-12-01,11.43,121.59
2017-12-04,11.68,121.18
2017-12-05,11.33,120.32
2017-12-06,11.02,120.07
2017-12-07,10.16,118.49
2017-12-08,9.58,118.48
2017-12-11,9.34,118.01
2017-12-12,9.92,118.15
2017-12-13,10.18,119.17
2017-12-14,10.49,118.93
2017-12-15,9.42,119.18
2017-12-18,9.53,119.73
2017-12-19,10.03,119.82
2017-12-20,9.72,120.14
2017-12-21,9.62,120.31
2017-12-22,9.9,120.94
2017-12-26,10.25,121.77
2017-12-27,10.47,122.23
2017-12-28,10.18,122.85
2017-12-29,11.04,123.65
2018-01-02,9.77,125.15
2018-01-03,9.15,124.82
2018-01-04,9.22,125.46
2018-01-05,9.22,125.33
2018-01-08,9.52,125.31
2018-01-09,10.08,124.73
2018-01-10,9.82,125.03
2018-01-11,9.88,125.44
2018-01-12,10.16,126.96
2018-01-16,11.66,127.17
2018-01-17,11.91,126.14
2018-01-18,12.22,125.86
2018-01-19,11.27,126.42
2018-01-22,11.05,126.65
2018-01-23,11.1,127.28
2018-01-24,11.46,128.83
2018-01-25,11.58,127.97
2018-01-26,11.1,128.07
2018-01-29,13.84,127.35
2018-01-30,14.79,126.8
2018-01-31,13.54,127.65
2018-02-01,13.47,128.07
2018-02-02,17.31,126.39
2018-02-05,37.32,126.71
2018-02-06,29.98,125.38
2018-02-07,27.73,124.79
2018-02-08,33.46,124.98
2018-02-09,29.06,124.77
2018-02-12,25.61,125.37
2018-02-13,24.97,126.08
2018-02-14,19.26,128.23
2018-02-15,19.13,128.38
2018-02-16,19.46,127.96
2018-02-20,20.6,126.24
2018-02-21,20.02,125.66
2018-02-22,18.72,126.3
2018-02-23,16.49,126.14
2018-02-26,15.8,126.45
2018-02-27,18.59,125.13
2018-02-28,19.85,125.0
2018-03-01,22.47,124.72
2018-03-02,19.59,125.39
2018-03-05,18.73,125.18
2018-03-06,18.36,126.53
2018-03-07,17.76,125.72
2018-03-08,16.54,125.42
2018-03-09,14.64,125.54
2018-03-12,15.78,125.54
2018-03-13,16.35,125.78
2018-03-14,17.23,125.7
2018-03-15,16.59,124.9
2018-03-16,15.8,124.6
2018-03-19,19.02,124.87
2018-03-20,18.2,124.31
2018-03-21,17.86,126.48
2018-03-22,23.34,125.98
2018-03-23,24.87,127.61
2018-03-26,21.03,128.28
2018-03-27,22.5,127.49
2018-03-28,22.87,125.73
2018-03-29,19.97,125.79
2018-04-02,23.62,127.26
2018-04-03,21.1,126.3
2018-04-04,20.06,126.45
2018-04-05,18.94,125.8
2018-04-06,21.49,126.39
2018-04-09,21.77,126.82
2018-04-10,20.47,127.12
2018-04-11,20.24,128.11
2018-04-12,18.49,126.62
2018-04-13,17.41,127.45
2018-04-16,16.56,127.63
2018-04-17,15.25,127.75
2018-04-18,15.6,127.75
2018-04-19,15.96,127.6
2018-04-20,16.88,126.63
2018-04-23,16.34,125.62
2018-04-24,18.02,126.23
2018-04-25,17.84,125.41
2018-04-26,16.24,124.97
2018-04-27,15.41,125.5
2018-04-30,15.93,124.59
2018-05-01,15.49,123.71
2018-05-02,15.97,123.65
2018-05-03,15.9,124.28
2018-05-04,14.77,124.54
2018-05-07,14.75,124.57
2018-05-08,14.71,124.59
2018-05-09,13.42,124.33
2018-05-10,13.23,125.18
2018-05-11,12.65,125.0
2018-05-14,12.93,124.49
2018-05-15,14.63,122.48
2018-05-16,13.42,122.29
2018-05-17,13.43,122.36
2018-05-18,13.42,122.41
2018-05-21,13.08,122.48
2018-05-22,13.22,122.41
2018-05-23,12.58,122.54
2018-05-24,12.53,123.59
2018-05-25,13.22,123.21
2018-05-29,17.02,123.19
2018-05-30,14.94,123.37
2018-05-31,15.43,123.1
2018-06-01,13.46,122.49
2018-06-04,12.74,122.37
2018-06-05,12.4,122.85
2018-06-06,11.64,122.92
2018-06-07,12.13,122.86
2018-06-08,12.18,123.01
2018-06-11,12.35,123.23
2018-06-12,12.34,122.82
2018-06-13,12.94,123.19
2018-06-14,12.12,123.38
2018-06-15,11.98,121.34
2018-06-18,12.31,121.11
2018-06-19,13.35,120.8
2018-06-20,12.79,120.26
2018-06-21,14.64,120.05
2018-06-22,13.77,120.34
2018-06-25,17.33,119.89
2018-06-26,15.92,119.26
2018-06-27,17.91,118.58
2018-06-28,16.85,118.22
2018-06-29,16.09,118.65
2018-07-02,15.6,117.46
2018-07-03,16.14,118.65
2018-07-05,14.97,119.05
2018-07-06,13.37,118.86
2018-07-09,12.69,119.15
2018-07-10,12.64,118.93
2018-07-11,13.63,117.64
2018-07-12,12.58,118.13
2018-07-13,12.18,117.61
2018-07-16,12.83,117.55
2018-07-17,12.06,116.28
2018-07-18,12.1,116.31
2018-07-19,12.87,115.81
2018-07-20,12.86,116.56
2018-07-23,12.62,116.0
2018-07-24,12.41,116.04
2018-07-25,12.29,116.68
2018-07-26,12.14,115.77
2018-07-27,13.03,115.83
2018-07-30,14.26,115.65
2018-07-31,12.83,115.99
2018-08-01,13.15,115.14
2018-08-02,12.19,114.52
2018-08-03,11.64,114.92
2018-08-06,11.27,114.33
2018-08-07,10.93,114.59
2018-08-08,10.85,114.91
2018-08-09,11.27,114.74
2018-08-10,13.16,114.69
2018-08-13,14.78,112.96
2018-08-14,13.31,113.07
2018-08-15,14.64,111.19
2018-08-16,13.45,111.1
2018-08-17,12.64,112.13
2018-08-20,12.49,112.69
2018-08-21,12.86,113.02
2018-08-22,12.25,113.27
2018-08-23,12.41,112.2
2018-08-24,11.99,114.16
2018-08-27,12.16,114.59
2018-08-28,12.5,113.68
2018-08-29,12.25,114.2
2018-08-30,13.53,113.64
2018-08-31,12.86,113.51
2018-09-04,13.16,112.93
2018-09-05,13.91,113.32
2018-09-06,14.65,113.54
2018-09-07,14.88,113.23
2018-09-10,14.16,113.15
2018-09-11,13.22,113.22
2018-09-12,13.14,114.17
2018-09-13,12.37,113.76
2018-09-14,12.07,113.02
2018-09-17,13.68,113.61
2018-09-18,12.79,113.44
2018-09-19,11.75,113.88
2018-09-20,11.8,114.27
2018-09-21,11.68,113.49
2018-09-24,12.2,113.47
2018-09-25,12.42,113.65
2018-09-26,12.89,113.05
2018-09-27,12.41,112.05
2018-09-28,12.12,112.76
2018-10-01,12.0,112.57
2018-10-02,12.05,113.87
2018-10-03,11.61,113.42
2018-10-04,14.22,113.48
2018-10-05,14.82,113.8
2018-10-08,15.69,112.54
2018-10-09,15.95,112.6
2018-10-10,22.96,112.88
2018-10-11,24.98,115.78
2018-10-12,21.31,115.23
2018-10-15,21.3,116.0
2018-10-16,17.62,115.8
2018-10-17,17.4,115.79
2018-10-18,20.06,115.92
2018-10-19,19.89,116.01
2018-10-22,19.64,115.71
2018-10-23,20.71,116.39
2018-10-24,25.23,116.66
2018-10-25,24.22,116.4
2018-10-26,24.16,116.77
2018-10-29,24.7,116.31
2018-10-30,23.35,115.8
2018-10-31,21.23,115.15
2018-11-01,19.34,116.63
2018-11-02,19.51,116.65
2018-11-05,19.96,116.37
2018-11-06,19.91,116.04
2018-11-07,16.36,116.03
2018-11-08,16.72,115.78
2018-11-09,17.36,114.48
2018-11-12,20.45,113.66
2018-11-13,20.02,113.7
2018-11-14,21.25,114.64
2018-11-15,19.98,114.77
2018-11-16,18.14,115.62
2018-11-19,20.1,115.67
2018-11-20,22.48,115.67
2018-11-21,20.8,115.86
2018-11-23,21.52,115.77
2018-11-26,18.9,115.64
2018-11-27,19.02,114.95
2018-11-28,18.49,115.38
2018-11-29,18.79,115.74
2018-11-30,18.07,115.54
2018-12-03,16.44,116.41
2018-12-04,20.74,117.12
2018-12-06,21.19,117.14
2018-12-07,23.23,118.09
2018-12-10,22.64,117.68
2018-12-11,21.76,117.54
2018-12-12,21.46,117.79
2018-12-13,20.65,117.53
2018-12-14,21.63,117.06
2018-12-17,24.52,117.87
2018-12-18,25.58,118.15
2018-12-19,25.58,117.43
2018-12-20,28.38,119.24
2018-12-21,30.11,118.72
2018-12-24,36.07,120.02
2018-12-26,30.41,119.66
2018-12-27,29.96,120.57
2018-12-28,28.34,121.06
2018-12-31,25.42,121.25
2019-01-02,23.22,121.33
2019-01-03,25.45,122.43
2019-01-04,21.38,121.44
2019-01-07,21.4,121.86
2019-01-08,20.47,121.53
2019-01-09,19.98,122.31
2019-01-10,19.5,121.59
2019-01-11,18.19,121.8
2019-01-14,19.07,122.09
2019-01-15,18.6,121.88
2019-01-16,19.04,122.27
2019-01-17,18.06,122.11
2019-01-18,17.8,121.02
2019-01-22,20.8,121.45
2019-01-23,19.52,121.28
2019-01-24,18.89,121.09
2019-01-25,17.42,122.86
2019-01-28,18.87,123.29
2019-01-29,19.13,123.98
2019-01-30,17.66,124.69
2019-01-31,16.57,124.75
2019-02-01,16.14,124.5
2019-02-04,15.73,123.96
2019-02-05,15.57,124.28
2019-02-06,15.38,123.44
2019-02-07,16.37,123.74
2019-02-08,15.72,124.21
2019-02-11,15.97,123.6
2019-02-12,15.43,123.86
2019-02-13,15.65,123.37
2019-02-14,16.22,124.06
2019-02-15,14.91,124.8
2019-02-19,14.88,126.7
2019-02-20,14.02,126.48
2019-02-21,14.46,125.05
2019-02-22,13.51,125.5
2019-02-25,14.85,125.37
2019-02-26,15.17,125.58
2019-02-27,14.7,124.69
2019-02-28,14.78,123.99
2019-03-01,13.57,121.88
2019-03-04,14.63,121.56
2019-03-05,14.74,121.72
2019-03-06,15.74,121.61
2019-03-07,16.59,121.51
2019-03-08,16.05,122.84
2019-03-11,14.33,122.24
2019-03-12,13.77,122.98
2019-03-13,13.41,123.84
2019-03-14,13.5,122.41
2019-03-15,12.88,122.97
2019-03-18,13.1,123.04
2019-03-19,13.56,123.38
2019-03-20,13.91,124.18
2019-03-21,13.63,123.68
2019-03-22,16.48,123.97
2019-03-25,16.33,124.92
2019-03-26,14.68,124.3
2019-03-27,15.15,123.65
2019-03-28,14.43,121.9
2019-03-29,13.71,122.01
2019-04-01,13.4,121.53
2019-04-02,13.36,121.98
2019-04-03,13.74,121.8
2019-04-04,13.58,122.11
2019-04-05,12.82,121.98
2019-04-08,13.18,122.51
2019-04-09,14.28,123.15
2019-04-10,13.3,123.53
2019-04-11,13.02,121.95
2019-04-12,12.01,121.83
2019-04-15,12.32,121.6
2019-04-16,12.18,120.51
2019-04-17,12.6,120.28
2019-04-18,12.09,120.37
2019-04-22,12.42,120.37
2019-04-23,12.28,120.12
2019-04-24,13.14,120.47
2019-04-25,13.25,120.57
2019-04-26,12.73,121.37
2019-04-29,13.11,120.83
2019-04-30,13.12,121.2
2019-05-01,14.8,120.4
2019-05-02,14.42,119.94
2019-05-03,12.87,120.65
2019-05-06,15.44,120.81
2019-05-07,19.32,121.21
2019-05-08,19.4,120.91
2019-05-09,19.1,121.2
2019-05-10,16.04,121.43
2019-05-13,20.55,122.67
2019-05-14,18.06,122.46
2019-05-15,16.44,122.39
2019-05-16,15.29,121.51
2019-05-17,15.96,120.65
2019-05-20,16.31,120.64
2019-05-21,14.95,120.36
2019-05-22,14.75,120.24
2019-05-23,16.92,121.17
2019-05-24,15.85,121.3
2019-05-28,17.5,120.83
2019-05-29,17.9,120.87
2019-05-30,17.3,121.69
2019-05-31,18.71,123.33
2019-06-03,18.86,125.11
2019-06-04,16.97,125.15
2019-06-05,16.09,125.47
2019-06-06,15.93,125.88
2019-06-07,16.3,126.59
2019-06-10,15.94,125.33
2019-06-11,15.99,125.18
2019-06-12,15.91,125.83
2019-06-13,15.82,126.6
2019-06-14,15.28,126.56
2019-06-17,15.35,126.48
2019-06-18,15.15,127.12
2019-06-19,14.33,127.89
2019-06-20,14.75,131.11
2019-06-21,15.4,131.98
2019-06-24,15.26,133.94
2019-06-25,16.28,134.2
2019-06-26,16.21,132.97
2019-06-27,15.82,132.84
2019-06-28,15.08,133.2
2019-07-01,14.06,130.62
2019-07-02,12.93,133.41
2019-07-03,12.57,133.63
2019-07-05,13.28,132.14
2019-07-08,13.96,131.29
2019-07-09,14.09,131.75
2019-07-10,13.03,133.83
2019-07-11,12.93,132.7
2019-07-12,12.39,133.53
2019-07-15,12.68,133.53
2019-07-16,12.86,132.4
2019-07-17,13.97,134.58
2019-07-18,13.53,136.48
2019-07-19,14.45,134.47
2019-07-22,13.53,134.45
2019-07-23,12.61,133.69
2019-07-24,12.07,134.37
2019-07-25,12.74,133.42
2019-07-26,12.16,133.64
2019-07-29,12.83,134.53
2019-07-30,13.94,134.98
2019-07-31,16.12,133.21
2019-08-01,17.87,136.41
2019-08-02,17.61,135.89
2019-08-05,24.59,137.79
2019-08-06,20.17,138.91
2019-08-07,19.49,141.02
2019-08-08,16.91,141.73
2019-08-09,17.97,141.26
2019-08-12,21.09,142.63
2019-08-13,17.52,141.78
2019-08-14,22.1,142.75
2019-08-15,21.18,143.7
2019-08-16,18.47,142.78
2019-08-19,16.88,141.11
2019-08-20,17.5,142.21
2019-08-21,15.8,141.76
2019-08-22,16.68,141.4
2019-08-23,19.87,144.17
2019-08-26,19.32,144.19
2019-08-27,20.31,145.57
2019-08-28,19.35,145.16
2019-08-29,17.88,144.12
2019-08-30,18.98,143.75
2019-09-03,19.66,145.75
2019-09-04,17.33,146.66
2019-09-05,16.27,143.14
2019-09-06,15.0,141.92
2019-09-09,15.27,141.39
2019-09-10,15.2,140.18
2019-09-11,14.61,141.03
2019-09-12,14.22,141.32
2019-09-13,13.74,140.15
2019-09-16,14.67,141.32
2019-09-17,14.44,141.6
2019-09-18,13.95,140.71
2019-09-19,14.05,141.28
2019-09-20,15.32,142.95
2019-09-23,14.91,143.75
2019-09-24,17.05,144.51
2019-09-25,15.96,141.83
2019-09-26,16.07,141.79
2019-09-27,17.22,141.06
2019-09-30,16.24,138.87
2019-10-01,18.56,139.63
2019-10-02,20.56,141.26
2019-10-03,19.12,141.9
2019-10-04,17.04,141.9
2019-10-07,17.86,140.69
2019-10-08,20.28,141.92
2019-10-09,18.64,142.05
2019-10-10,17.57,140.81
2019-10-11,15.58,140.03
2019-10-14,14.57,140.59
2019-10-15,13.54,139.61
2019-10-16,13.68,140.41
2019-10-17,13.79,140.61
2019-10-18,14.25,140.46
2019-10-21,14.0,139.79
2019-10-22,14.46,140.2
2019-10-23,14.01,140.53
2019-10-24,13.71,141.53
2019-10-25,12.65,141.86
2019-10-28,13.11,140.64
2019-10-29,13.2,140.25
2019-10-30,12.33,141.02
2019-11-01,12.3,142.56
2019-11-04,12.83,142.15
2019-11-05,13.1,139.85
2019-11-06,12.62,140.45
2019-11-07,12.73,138.27
2019-11-08,12.07,137.39
2019-11-11,12.69,137.06
2019-11-12,12.68,137.43
2019-11-13,13.0,137.98
2019-11-14,13.05,138.56
2019-11-15,12.05,138.21
2019-11-18,12.46,138.62
2019-11-19,12.86,138.69
2019-11-20,12.78,138.76
2019-11-21,13.13,138.0
2019-11-22,12.34,137.74
2019-11-25,11.87,137.08
2019-11-26,11.54,137.74
2019-11-29,12.62,137.86
2019-12-02,14.91,137.79
2019-12-03,15.96,139.11
2019-12-04,14.8,138.92
2019-12-05,14.52,139.0
2019-12-06,13.62,137.62
2019-12-09,15.86,137.58
2019-12-10,15.68,137.97
2019-12-11,14.99,138.92
2019-12-12,13.94,138.43
2019-12-13,12.63,139.05
2019-12-16,12.14,139.04
2019-12-17,12.29,139.01
2019-12-18,12.58,139.02
2019-12-19,12.5,139.38
2019-12-20,12.51,139.52
2019-12-23,12.61,139.95
2019-12-26,12.65,142.38
2019-12-27,13.43,142.33
2019-12-30,14.82,142.63
2020-01-02,12.47,143.95
2020-01-03,14.02,145.86
2020-01-06,13.85,147.39
2020-01-07,13.79,147.97
2020-01-08,13.45,146.86
2020-01-09,12.54,146.03
2020-01-10,12.56,146.91
2020-01-13,12.32,145.82
2020-01-14,12.39,145.69
2020-01-15,12.42,146.54
2020-01-16,12.32,146.31
2020-01-17,12.1,146.58
2020-01-21,12.85,146.74
2020-01-22,12.91,146.79
2020-01-23,12.98,147.12
2020-01-24,14.56,147.98
2020-01-27,18.23,148.99
2020-01-28,16.28,147.66
2020-01-29,16.39,148.46
2020-01-30,15.49,148.47
2020-01-31,18.84,149.33
2020-02-03,17.97,148.36
2020-02-04,16.05,146.43
2020-02-05,15.15,146.61
2020-02-06,14.96,147.4
2020-02-07,15.47,147.79
2020-02-10,15.04,148.17
2020-02-11,15.18,147.66
2020-02-12,13.74,147.54
2020-02-13,14.15,148.38
2020-02-14,13.68,149.0
2020-02-18,14.83,150.91
2020-02-19,14.38,151.79
2020-02-20,15.56,152.41
2020-02-21,17.08,154.7
2020-02-24,25.03,156.09
2020-02-25,27.85,153.3
2020-02-26,27.56,153.97
2020-02-27,39.16,154.0
2020-02-28,40.11,148.38
2020-03-02,33.42,149.2
2020-03-03,36.82,153.89
2020-03-04,31.99,154.16
2020-03-05,39.62,157.49
2020-03-06,41.94,157.55
2020-03-09,54.46,157.81
2020-03-10,47.3,154.48
2020-03-11,53.9,153.93
2020-03-12,75.47,147.79
2020-03-13,57.83,143.28
2020-03-16,82.69,141.64
2020-03-17,75.91,143.56
2020-03-18,76.45,140.7
2020-03-19,72.0,138.04
2020-03-20,66.04,140.11
2020-03-23,61.59,146.3
2020-03-24,61.67,153.4
2020-03-25,63.95,151.3
2020-03-26,61.0,153.24
2020-03-27,65.54,152.25
2020-03-30,57.08,152.92
2020-03-31,53.54,148.05
2020-04-01,57.06,149.45
2020-04-02,50.91,151.9
2020-04-03,46.8,152.65
2020-04-06,45.24,156.88
2020-04-07,46.7,156.04
2020-04-08,43.35,154.65
2020-04-09,41.67,158.69
2020-04-13,41.17,161.41
2020-04-14,37.76,162.68
2020-04-15,40.84,161.85
2020-04-16,40.11,161.71
2020-04-17,38.15,158.57
2020-04-20,43.83,159.7
2020-04-21,45.41,158.61
2020-04-22,41.98,161.73
2020-04-23,41.38,163.34
2020-04-24,35.93,162.64
2020-04-27,33.29,161.56
2020-04-28,33.57,160.84
2020-04-29,31.23,161.73
2020-04-30,34.15,158.8
2020-05-01,37.19,159.78
2020-05-04,35.97,160.34
2020-05-05,33.61,161.02
2020-05-06,34.12,158.95
2020-05-07,31.44,161.39
2020-05-08,27.98,160.42
2020-05-11,27.57,159.42
2020-05-12,33.04,160.04
2020-05-13,35.28,161.58
2020-05-14,32.61,163.01
2020-05-15,31.89,163.93
2020-05-18,29.3,162.69
2020-05-19,30.53,164.26
2020-05-20,27.99,164.65
2020-05-21,29.53,162.25
2020-05-22,28.16,163.21
2020-05-26,28.01,160.89
2020-05-27,27.62,161.18
2020-05-28,28.59,161.72
2020-05-29,27.51,162.91
2020-06-01,28.23,163.66
2020-06-02,26.84,162.6
2020-06-03,25.66,159.6
2020-06-04,25.81,161.28
2020-06-05,24.52,158.01
2020-06-08,25.81,159.72
2020-06-09,27.57,161.26
2020-06-10,27.57,163.57
2020-06-11,40.79,162.39
2020-06-12,36.09,162.62
2020-06-15,34.4,162.33
2020-06-16,33.67,162.25
2020-06-17,33.47,162.56
2020-06-18,32.94,162.24
2020-06-19,35.12,164.03
2020-06-22,31.77,165.09
2020-06-23,31.37,166.48
2020-06-24,33.84,165.9
2020-06-25,32.22,165.8
2020-06-26,34.73,166.54
2020-06-29,31.78,166.63
2020-06-30,30.43,167.37
2020-07-01,28.62,166.62
2020-07-02,27.68,166.98
2020-07-06,27.94,167.98
2020-07-07,29.43,169.04
2020-07-08,28.08,170.09
2020-07-09,29.26,169.63
2020-07-10,27.29,169.19
2020-07-13,32.19,169.4
2020-07-14,29.52,170.19
2020-07-15,27.76,170.34
2020-07-16,28.0,168.73
2020-07-17,25.68,170.12
2020-07-20,24.46,170.94
2020-07-21,24.84,173.0
2020-07-22,24.32,175.63
2020-07-23,26.08,177.18
2020-07-24,25.84,178.7
2020-07-27,24.74,182.23
2020-07-28,25.44,183.75
2020-07-29,24.1,185.13
2020-07-30,24.76,183.76
2020-07-31,24.46,185.43
2020-08-03,24.28,185.64
2020-08-04,23.76,189.59
2020-08-05,22.99,191.35
2020-08-06,22.65,193.89
2020-08-07,22.21,190.81
2020-08-10,22.13,190.15
2020-08-11,24.03,179.94
2020-08-12,22.28,179.1
2020-08-13,22.13,183.33
2020-08-14,22.05,182.54
2020-08-17,21.35,186.5
2020-08-18,21.51,188.18
2020-08-19,22.54,182.24
2020-08-20,22.72,183.5
2020-08-21,22.54,182.03
2020-08-24,22.37,181.0
2020-08-25,22.03,181.22
2020-08-26,23.27,183.36
2020-08-27,24.47,181.24
2020-08-28,22.96,184.39
2020-08-31,26.41,184.83
2020-09-01,26.12,185.05
2020-09-02,26.57,182.62
2020-09-03,33.6,181.14
2020-09-04,30.75,181.64
2020-09-08,31.46,181.29
2020-09-09,28.81,183.05
2020-09-10,29.71,182.46
2020-09-11,26.87,182.45
2020-09-14,25.85,183.89
2020-09-15,25.59,183.45
2020-09-16,26.04,183.97
2020-09-17,26.46,182.96
2020-09-18,25.83,183.2
2020-09-21,27.78,179.52
2020-09-22,26.86,178.65
2020-09-23,28.58,174.79
2020-09-24,28.51,175.44
2020-09-25,26.38,174.94
2020-09-28,26.19,176.7
